{"type": "FeatureCollection", "features": [{"type": "Feature", "geometry": {"type": "Polygon", "coordinates": [[[-120.0, 30.0], [-115.0, 30.0], [-115.0, 35.0], [-120.0, 35.0], [-120.0, 30.0]]]}, "properties": {"n": 7128, "tagged_fraction": 0.96, "denom_fraction": 0.49, "g_denom": 0.453, "g_religion": 0.502, "g_amenity_only": 0.045}}, {"type": "Feature", "geometry": {"type": "Polygon", "coordinates": [[[50.0, 40.0], [55.0, 40.0], [55.0, 45.0], [50.0, 45.0], [50.0, 40.0]]]}, "properties": {"n": 147, "tagged_fraction": 0.946, "denom_fraction": 0.082, "g_denom": 0.068, "g_religion": 0.878, "g_amenity_only": 0.054}}, {"type": "Feature", "geometry": {"type": "Polygon", "coordinates": [[[0.0, 50.0], [5.0, 50.0], [5.0, 55.0], [0.0, 55.0], [0.0, 50.0]]]}, "properties": {"n": 17375, "tagged_fraction": 0.991, "denom_fraction": 0.815, "g_denom": 0.776, "g_religion": 0.214, "g_amenity_only": 0.01}}, {"type": "Feature", "geometry": {"type": "Polygon", "coordinates": [[[115.0, 20.0], [120.0, 20.0], [120.0, 25.0], [115.0, 25.0], [115.0, 20.0]]]}, "properties": {"n": 1582, "tagged_fraction": 0.485, "denom_fraction": 0.008, "g_denom": 0.006, "g_religion": 0.436, "g_amenity_only": 0.558}}, {"type": "Feature", "geometry": {"type": "Polygon", "coordinates": [[[115.0, 25.0], [120.0, 25.0], [120.0, 30.0], [115.0, 30.0], [115.0, 25.0]]]}, "properties": {"n": 1500, "tagged_fraction": 0.785, "denom_fraction": 0.016, "g_denom": 0.011, "g_religion": 0.748, "g_amenity_only": 0.241}}, {"type": "Feature", "geometry": {"type": "Polygon", "coordinates": [[[30.0, -20.0], [35.0, -20.0], [35.0, -15.0], [30.0, -15.0], [30.0, -20.0]]]}, "properties": {"n": 760, "tagged_fraction": 0.45, "denom_fraction": 0.528, "g_denom": 0.496, "g_religion": 0.204, "g_amenity_only": 0.3}}, {"type": "Feature", "geometry": {"type": "Polygon", "coordinates": [[[-100.0, 30.0], [-95.0, 30.0], [-95.0, 35.0], [-100.0, 35.0], [-100.0, 30.0]]]}, "properties": {"n": 9970, "tagged_fraction": 0.985, "denom_fraction": 0.491, "g_denom": 0.456, "g_religion": 0.527, "g_amenity_only": 0.017}}, {"type": "Feature", "geometry": {"type": "Polygon", "coordinates": [[[-65.0, -35.0], [-60.0, -35.0], [-60.0, -30.0], [-65.0, -30.0], [-65.0, -35.0]]]}, "properties": {"n": 1454, "tagged_fraction": 0.901, "denom_fraction": 0.413, "g_denom": 0.401, "g_religion": 0.502, "g_amenity_only": 0.097}}, {"type": "Feature", "geometry": {"type": "Polygon", "coordinates": [[[-50.0, -25.0], [-45.0, -25.0], [-45.0, -20.0], [-50.0, -20.0], [-50.0, -25.0]]]}, "properties": {"n": 10118, "tagged_fraction": 0.941, "denom_fraction": 0.733, "g_denom": 0.62, "g_religion": 0.318, "g_amenity_only": 0.062}}, {"type": "Feature", "geometry": {"type": "Polygon", "coordinates": [[[45.0, 40.0], [50.0, 40.0], [50.0, 45.0], [45.0, 45.0], [45.0, 40.0]]]}, "properties": {"n": 3999, "tagged_fraction": 0.862, "denom_fraction": 0.235, "g_denom": 0.126, "g_religion": 0.735, "g_amenity_only": 0.139}}, {"type": "Feature", "geometry": {"type": "Polygon", "coordinates": [[[120.0, 30.0], [125.0, 30.0], [125.0, 35.0], [120.0, 35.0], [120.0, 30.0]]]}, "properties": {"n": 1260, "tagged_fraction": 0.917, "denom_fraction": 0.105, "g_denom": 0.101, "g_religion": 0.802, "g_amenity_only": 0.098}}, {"type": "Feature", "geometry": {"type": "Polygon", "coordinates": [[[-45.0, -25.0], [-40.0, -25.0], [-40.0, -20.0], [-45.0, -20.0], [-45.0, -25.0]]]}, "properties": {"n": 6841, "tagged_fraction": 0.883, "denom_fraction": 0.574, "g_denom": 0.535, "g_religion": 0.343, "g_amenity_only": 0.122}}, {"type": "Feature", "geometry": {"type": "Polygon", "coordinates": [[[0.0, 5.0], [5.0, 5.0], [5.0, 10.0], [0.0, 10.0], [0.0, 5.0]]]}, "properties": {"n": 5606, "tagged_fraction": 0.71, "denom_fraction": 0.241, "g_denom": 0.225, "g_religion": 0.479, "g_amenity_only": 0.296}}, {"type": "Feature", "geometry": {"type": "Polygon", "coordinates": [[[35.0, 30.0], [40.0, 30.0], [40.0, 35.0], [35.0, 35.0], [35.0, 30.0]]]}, "properties": {"n": 8044, "tagged_fraction": 0.909, "denom_fraction": 0.207, "g_denom": 0.185, "g_religion": 0.716, "g_amenity_only": 0.099}}, {"type": "Feature", "geometry": {"type": "Polygon", "coordinates": [[[-160.0, 20.0], [-155.0, 20.0], [-155.0, 25.0], [-160.0, 25.0], [-160.0, 20.0]]]}, "properties": {"n": 359, "tagged_fraction": 0.85, "denom_fraction": 0.409, "g_denom": 0.34, "g_religion": 0.521, "g_amenity_only": 0.139}}, {"type": "Feature", "geometry": {"type": "Polygon", "coordinates": [[[-70.0, -35.0], [-65.0, -35.0], [-65.0, -30.0], [-70.0, -30.0], [-70.0, -35.0]]]}, "properties": {"n": 715, "tagged_fraction": 0.915, "denom_fraction": 0.55, "g_denom": 0.531, "g_religion": 0.387, "g_amenity_only": 0.081}}, {"type": "Feature", "geometry": {"type": "Polygon", "coordinates": [[[75.0, 15.0], [80.0, 15.0], [80.0, 20.0], [75.0, 20.0], [75.0, 15.0]]]}, "properties": {"n": 5564, "tagged_fraction": 0.904, "denom_fraction": 0.056, "g_denom": 0.023, "g_religion": 0.879, "g_amenity_only": 0.097}}, {"type": "Feature", "geometry": {"type": "Polygon", "coordinates": [[[-75.0, -35.0], [-70.0, -35.0], [-70.0, -30.0], [-75.0, -30.0], [-75.0, -35.0]]]}, "properties": {"n": 2095, "tagged_fraction": 0.882, "denom_fraction": 0.413, "g_denom": 0.4, "g_religion": 0.483, "g_amenity_only": 0.117}}, {"type": "Feature", "geometry": {"type": "Polygon", "coordinates": [[[140.0, 35.0], [145.0, 35.0], [145.0, 40.0], [140.0, 40.0], [140.0, 35.0]]]}, "properties": {"n": 10383, "tagged_fraction": 0.95, "denom_fraction": 0.017, "g_denom": 0.004, "g_religion": 0.942, "g_amenity_only": 0.054}}, {"type": "Feature", "geometry": {"type": "Polygon", "coordinates": [[[-80.0, -5.0], [-75.0, -5.0], [-75.0, 0.0], [-80.0, 0.0], [-80.0, -5.0]]]}, "properties": {"n": 4038, "tagged_fraction": 0.807, "denom_fraction": 0.609, "g_denom": 0.601, "g_religion": 0.224, "g_amenity_only": 0.175}}, {"type": "Feature", "geometry": {"type": "Polygon", "coordinates": [[[15.0, 45.0], [20.0, 45.0], [20.0, 50.0], [15.0, 50.0], [15.0, 45.0]]]}, "properties": {"n": 26217, "tagged_fraction": 0.984, "denom_fraction": 0.705, "g_denom": 0.699, "g_religion": 0.285, "g_amenity_only": 0.015}}, {"type": "Feature", "geometry": {"type": "Polygon", "coordinates": [[[60.0, 25.0], [65.0, 25.0], [65.0, 30.0], [60.0, 30.0], [60.0, 25.0]]]}, "properties": {"n": 3044, "tagged_fraction": 0.988, "denom_fraction": 0.089, "g_denom": 0.089, "g_religion": 0.898, "g_amenity_only": 0.012}}, {"type": "Feature", "geometry": {"type": "Polygon", "coordinates": [[[55.0, 20.0], [60.0, 20.0], [60.0, 25.0], [55.0, 25.0], [55.0, 20.0]]]}, "properties": {"n": 2656, "tagged_fraction": 0.925, "denom_fraction": 0.019, "g_denom": 0.014, "g_religion": 0.911, "g_amenity_only": 0.075}}, {"type": "Feature", "geometry": {"type": "Polygon", "coordinates": [[[55.0, 25.0], [60.0, 25.0], [60.0, 30.0], [55.0, 30.0], [55.0, 25.0]]]}, "properties": {"n": 2930, "tagged_fraction": 0.946, "denom_fraction": 0.099, "g_denom": 0.098, "g_religion": 0.849, "g_amenity_only": 0.053}}, {"type": "Feature", "geometry": {"type": "Polygon", "coordinates": [[[30.0, -5.0], [35.0, -5.0], [35.0, 0.0], [30.0, 0.0], [30.0, -5.0]]]}, "properties": {"n": 2235, "tagged_fraction": 0.756, "denom_fraction": 0.292, "g_denom": 0.282, "g_religion": 0.475, "g_amenity_only": 0.243}}, {"type": "Feature", "geometry": {"type": "Polygon", "coordinates": [[[20.0, 45.0], [25.0, 45.0], [25.0, 50.0], [20.0, 50.0], [20.0, 45.0]]]}, "properties": {"n": 18691, "tagged_fraction": 0.985, "denom_fraction": 0.808, "g_denom": 0.732, "g_religion": 0.254, "g_amenity_only": 0.014}}, {"type": "Feature", "geometry": {"type": "Polygon", "coordinates": [[[75.0, 10.0], [80.0, 10.0], [80.0, 15.0], [75.0, 15.0], [75.0, 10.0]]]}, "properties": {"n": 20230, "tagged_fraction": 0.942, "denom_fraction": 0.104, "g_denom": 0.065, "g_religion": 0.876, "g_amenity_only": 0.059}}, {"type": "Feature", "geometry": {"type": "Polygon", "coordinates": [[[135.0, 35.0], [140.0, 35.0], [140.0, 40.0], [135.0, 40.0], [135.0, 35.0]]]}, "properties": {"n": 32148, "tagged_fraction": 0.963, "denom_fraction": 0.077, "g_denom": 0.011, "g_religion": 0.945, "g_amenity_only": 0.044}}, {"type": "Feature", "geometry": {"type": "Polygon", "coordinates": [[[5.0, 10.0], [10.0, 10.0], [10.0, 15.0], [5.0, 15.0], [5.0, 10.0]]]}, "properties": {"n": 1368, "tagged_fraction": 0.413, "denom_fraction": 0.067, "g_denom": 0.064, "g_religion": 0.348, "g_amenity_only": 0.588}}, {"type": "Feature", "geometry": {"type": "Polygon", "coordinates": [[[-85.0, 30.0], [-80.0, 30.0], [-80.0, 35.0], [-85.0, 35.0], [-85.0, 30.0]]]}, "properties": {"n": 21505, "tagged_fraction": 0.94, "denom_fraction": 0.317, "g_denom": 0.29, "g_religion": 0.657, "g_amenity_only": 0.053}}, {"type": "Feature", "geometry": {"type": "Polygon", "coordinates": [[[30.0, 30.0], [35.0, 30.0], [35.0, 35.0], [30.0, 35.0], [30.0, 30.0]]]}, "properties": {"n": 4519, "tagged_fraction": 0.961, "denom_fraction": 0.27, "g_denom": 0.255, "g_religion": 0.706, "g_amenity_only": 0.039}}, {"type": "Feature", "geometry": {"type": "Polygon", "coordinates": [[[65.0, 25.0], [70.0, 25.0], [70.0, 30.0], [65.0, 30.0], [65.0, 25.0]]]}, "properties": {"n": 853, "tagged_fraction": 0.923, "denom_fraction": 0.275, "g_denom": 0.268, "g_religion": 0.654, "g_amenity_only": 0.077}}, {"type": "Feature", "geometry": {"type": "Polygon", "coordinates": [[[-105.0, 35.0], [-100.0, 35.0], [-100.0, 40.0], [-105.0, 40.0], [-105.0, 35.0]]]}, "properties": {"n": 1905, "tagged_fraction": 0.97, "denom_fraction": 0.515, "g_denom": 0.455, "g_religion": 0.511, "g_amenity_only": 0.034}}, {"type": "Feature", "geometry": {"type": "Polygon", "coordinates": [[[70.0, 15.0], [75.0, 15.0], [75.0, 20.0], [70.0, 20.0], [70.0, 15.0]]]}, "properties": {"n": 5239, "tagged_fraction": 0.878, "denom_fraction": 0.084, "g_denom": 0.039, "g_religion": 0.838, "g_amenity_only": 0.123}}, {"type": "Feature", "geometry": {"type": "Polygon", "coordinates": [[[115.0, -5.0], [120.0, -5.0], [120.0, 0.0], [115.0, 0.0], [115.0, -5.0]]]}, "properties": {"n": 5782, "tagged_fraction": 0.964, "denom_fraction": 0.063, "g_denom": 0.061, "g_religion": 0.902, "g_amenity_only": 0.037}}, {"type": "Feature", "geometry": {"type": "Polygon", "coordinates": [[[20.0, 35.0], [25.0, 35.0], [25.0, 40.0], [20.0, 40.0], [20.0, 35.0]]]}, "properties": {"n": 16387, "tagged_fraction": 0.973, "denom_fraction": 0.513, "g_denom": 0.51, "g_religion": 0.464, "g_amenity_only": 0.026}}, {"type": "Feature", "geometry": {"type": "Polygon", "coordinates": [[[5.0, 50.0], [10.0, 50.0], [10.0, 55.0], [5.0, 55.0], [5.0, 50.0]]]}, "properties": {"n": 29438, "tagged_fraction": 0.981, "denom_fraction": 0.763, "g_denom": 0.728, "g_religion": 0.25, "g_amenity_only": 0.021}}, {"type": "Feature", "geometry": {"type": "Polygon", "coordinates": [[[130.0, 35.0], [135.0, 35.0], [135.0, 40.0], [130.0, 40.0], [130.0, 35.0]]]}, "properties": {"n": 3100, "tagged_fraction": 0.846, "denom_fraction": 0.056, "g_denom": 0.003, "g_religion": 0.833, "g_amenity_only": 0.164}}, {"type": "Feature", "geometry": {"type": "Polygon", "coordinates": [[[5.0, 35.0], [10.0, 35.0], [10.0, 40.0], [5.0, 40.0], [5.0, 35.0]]]}, "properties": {"n": 3535, "tagged_fraction": 0.972, "denom_fraction": 0.474, "g_denom": 0.471, "g_religion": 0.499, "g_amenity_only": 0.03}}, {"type": "Feature", "geometry": {"type": "Polygon", "coordinates": [[[5.0, 45.0], [10.0, 45.0], [10.0, 50.0], [5.0, 50.0], [5.0, 45.0]]]}, "properties": {"n": 48412, "tagged_fraction": 0.986, "denom_fraction": 0.798, "g_denom": 0.781, "g_religion": 0.205, "g_amenity_only": 0.014}}, {"type": "Feature", "geometry": {"type": "Polygon", "coordinates": [[[-60.0, -30.0], [-55.0, -30.0], [-55.0, -25.0], [-60.0, -25.0], [-60.0, -30.0]]]}, "properties": {"n": 2180, "tagged_fraction": 0.844, "denom_fraction": 0.544, "g_denom": 0.526, "g_religion": 0.316, "g_amenity_only": 0.158}}, {"type": "Feature", "geometry": {"type": "Polygon", "coordinates": [[[5.0, 40.0], [10.0, 40.0], [10.0, 45.0], [5.0, 45.0], [5.0, 40.0]]]}, "properties": {"n": 13896, "tagged_fraction": 0.988, "denom_fraction": 0.83, "g_denom": 0.827, "g_religion": 0.161, "g_amenity_only": 0.012}}, {"type": "Feature", "geometry": {"type": "Polygon", "coordinates": [[[10.0, 45.0], [15.0, 45.0], [15.0, 50.0], [10.0, 50.0], [10.0, 45.0]]]}, "properties": {"n": 44390, "tagged_fraction": 0.981, "denom_fraction": 0.701, "g_denom": 0.695, "g_religion": 0.287, "g_amenity_only": 0.018}}, {"type": "Feature", "geometry": {"type": "Polygon", "coordinates": [[[-40.0, -10.0], [-35.0, -10.0], [-35.0, -5.0], [-40.0, -5.0], [-40.0, -10.0]]]}, "properties": {"n": 3627, "tagged_fraction": 0.863, "denom_fraction": 0.508, "g_denom": 0.485, "g_religion": 0.377, "g_amenity_only": 0.137}}, {"type": "Feature", "geometry": {"type": "Polygon", "coordinates": [[[45.0, 35.0], [50.0, 35.0], [50.0, 40.0], [45.0, 40.0], [45.0, 35.0]]]}, "properties": {"n": 3755, "tagged_fraction": 0.907, "denom_fraction": 0.248, "g_denom": 0.206, "g_religion": 0.704, "g_amenity_only": 0.089}}, {"type": "Feature", "geometry": {"type": "Polygon", "coordinates": [[[50.0, 35.0], [55.0, 35.0], [55.0, 40.0], [50.0, 40.0], [50.0, 35.0]]]}, "properties": {"n": 3838, "tagged_fraction": 0.879, "denom_fraction": 0.279, "g_denom": 0.272, "g_religion": 0.615, "g_amenity_only": 0.113}}, {"type": "Feature", "geometry": {"type": "Polygon", "coordinates": [[[-10.0, 10.0], [-5.0, 10.0], [-5.0, 15.0], [-10.0, 15.0], [-10.0, 10.0]]]}, "properties": {"n": 1165, "tagged_fraction": 0.956, "denom_fraction": 0.076, "g_denom": 0.074, "g_religion": 0.88, "g_amenity_only": 0.046}}, {"type": "Feature", "geometry": {"type": "Polygon", "coordinates": [[[-70.0, -30.0], [-65.0, -30.0], [-65.0, -25.0], [-70.0, -25.0], [-70.0, -30.0]]]}, "properties": {"n": 500, "tagged_fraction": 0.884, "denom_fraction": 0.396, "g_denom": 0.386, "g_religion": 0.502, "g_amenity_only": 0.112}}, {"type": "Feature", "geometry": {"type": "Polygon", "coordinates": [[[-55.0, -30.0], [-50.0, -30.0], [-50.0, -25.0], [-55.0, -25.0], [-55.0, -30.0]]]}, "properties": {"n": 6719, "tagged_fraction": 0.909, "denom_fraction": 0.513, "g_denom": 0.501, "g_religion": 0.406, "g_amenity_only": 0.093}}, {"type": "Feature", "geometry": {"type": "Polygon", "coordinates": [[[10.0, 40.0], [15.0, 40.0], [15.0, 45.0], [10.0, 45.0], [10.0, 40.0]]]}, "properties": {"n": 20466, "tagged_fraction": 0.964, "denom_fraction": 0.65, "g_denom": 0.648, "g_religion": 0.317, "g_amenity_only": 0.035}}, {"type": "Feature", "geometry": {"type": "Polygon", "coordinates": [[[-90.0, -5.0], [-85.0, -5.0], [-85.0, 0.0], [-90.0, 0.0], [-90.0, -5.0]]]}, "properties": {"n": 15, "tagged_fraction": 0.8, "denom_fraction": 0.333, "g_denom": 0.333, "g_religion": 0.467, "g_amenity_only": 0.2}}, {"type": "Feature", "geometry": {"type": "Polygon", "coordinates": [[[-50.0, -5.0], [-45.0, -5.0], [-45.0, 0.0], [-50.0, 0.0], [-50.0, -5.0]]]}, "properties": {"n": 914, "tagged_fraction": 0.777, "denom_fraction": 0.441, "g_denom": 0.406, "g_religion": 0.377, "g_amenity_only": 0.217}}, {"type": "Feature", "geometry": {"type": "Polygon", "coordinates": [[[115.0, -10.0], [120.0, -10.0], [120.0, -5.0], [115.0, -5.0], [115.0, -10.0]]]}, "properties": {"n": 13461, "tagged_fraction": 0.971, "denom_fraction": 0.109, "g_denom": 0.105, "g_religion": 0.865, "g_amenity_only": 0.03}}, {"type": "Feature", "geometry": {"type": "Polygon", "coordinates": [[[120.0, 10.0], [125.0, 10.0], [125.0, 15.0], [120.0, 15.0], [120.0, 10.0]]]}, "properties": {"n": 9708, "tagged_fraction": 0.867, "denom_fraction": 0.605, "g_denom": 0.482, "g_religion": 0.385, "g_amenity_only": 0.133}}, {"type": "Feature", "geometry": {"type": "Polygon", "coordinates": [[[-120.0, 45.0], [-115.0, 45.0], [-115.0, 50.0], [-120.0, 50.0], [-120.0, 45.0]]]}, "properties": {"n": 1427, "tagged_fraction": 0.93, "denom_fraction": 0.499, "g_denom": 0.438, "g_religion": 0.488, "g_amenity_only": 0.074}}, {"type": "Feature", "geometry": {"type": "Polygon", "coordinates": [[[40.0, 0.0], [45.0, 0.0], [45.0, 5.0], [40.0, 5.0], [40.0, 0.0]]]}, "properties": {"n": 1045, "tagged_fraction": 0.992, "denom_fraction": 0.056, "g_denom": 0.056, "g_religion": 0.936, "g_amenity_only": 0.008}}, {"type": "Feature", "geometry": {"type": "Polygon", "coordinates": [[[45.0, 0.0], [50.0, 0.0], [50.0, 5.0], [45.0, 5.0], [45.0, 0.0]]]}, "properties": {"n": 460, "tagged_fraction": 1.0, "denom_fraction": 0.013, "g_denom": 0.013, "g_religion": 0.987, "g_amenity_only": 0.0}}, {"type": "Feature", "geometry": {"type": "Polygon", "coordinates": [[[135.0, 30.0], [140.0, 30.0], [140.0, 35.0], [135.0, 35.0], [135.0, 30.0]]]}, "properties": {"n": 12713, "tagged_fraction": 0.951, "denom_fraction": 0.102, "g_denom": 0.01, "g_religion": 0.921, "g_amenity_only": 0.068}}, {"type": "Feature", "geometry": {"type": "Polygon", "coordinates": [[[100.0, 10.0], [105.0, 10.0], [105.0, 15.0], [100.0, 15.0], [100.0, 10.0]]]}, "properties": {"n": 7862, "tagged_fraction": 0.864, "denom_fraction": 0.113, "g_denom": 0.023, "g_religion": 0.829, "g_amenity_only": 0.149}}, {"type": "Feature", "geometry": {"type": "Polygon", "coordinates": [[[70.0, 20.0], [75.0, 20.0], [75.0, 25.0], [70.0, 25.0], [70.0, 20.0]]]}, "properties": {"n": 1720, "tagged_fraction": 0.829, "denom_fraction": 0.094, "g_denom": 0.017, "g_religion": 0.81, "g_amenity_only": 0.173}}, {"type": "Feature", "geometry": {"type": "Polygon", "coordinates": [[[120.0, 25.0], [125.0, 25.0], [125.0, 30.0], [120.0, 30.0], [120.0, 25.0]]]}, "properties": {"n": 3456, "tagged_fraction": 0.68, "denom_fraction": 0.053, "g_denom": 0.04, "g_religion": 0.583, "g_amenity_only": 0.377}}, {"type": "Feature", "geometry": {"type": "Polygon", "coordinates": [[[120.0, 20.0], [125.0, 20.0], [125.0, 25.0], [120.0, 25.0], [120.0, 20.0]]]}, "properties": {"n": 11611, "tagged_fraction": 0.579, "denom_fraction": 0.034, "g_denom": 0.024, "g_religion": 0.525, "g_amenity_only": 0.451}}, {"type": "Feature", "geometry": {"type": "Polygon", "coordinates": [[[35.0, -5.0], [40.0, -5.0], [40.0, 0.0], [35.0, 0.0], [35.0, -5.0]]]}, "properties": {"n": 2991, "tagged_fraction": 0.928, "denom_fraction": 0.381, "g_denom": 0.362, "g_religion": 0.566, "g_amenity_only": 0.073}}, {"type": "Feature", "geometry": {"type": "Polygon", "coordinates": [[[5.0, 5.0], [10.0, 5.0], [10.0, 10.0], [5.0, 10.0], [5.0, 5.0]]]}, "properties": {"n": 3378, "tagged_fraction": 0.473, "denom_fraction": 0.188, "g_denom": 0.176, "g_religion": 0.295, "g_amenity_only": 0.529}}, {"type": "Feature", "geometry": {"type": "Polygon", "coordinates": [[[25.0, 45.0], [30.0, 45.0], [30.0, 50.0], [25.0, 50.0], [25.0, 45.0]]]}, "properties": {"n": 10464, "tagged_fraction": 0.955, "denom_fraction": 0.698, "g_denom": 0.566, "g_religion": 0.39, "g_amenity_only": 0.043}}, {"type": "Feature", "geometry": {"type": "Polygon", "coordinates": [[[-75.0, 0.0], [-70.0, 0.0], [-70.0, 5.0], [-75.0, 5.0], [-75.0, 0.0]]]}, "properties": {"n": 1085, "tagged_fraction": 0.866, "denom_fraction": 0.529, "g_denom": 0.517, "g_religion": 0.354, "g_amenity_only": 0.129}}, {"type": "Feature", "geometry": {"type": "Polygon", "coordinates": [[[70.0, 30.0], [75.0, 30.0], [75.0, 35.0], [70.0, 35.0], [70.0, 30.0]]]}, "properties": {"n": 5679, "tagged_fraction": 0.911, "denom_fraction": 0.146, "g_denom": 0.125, "g_religion": 0.787, "g_amenity_only": 0.088}}, {"type": "Feature", "geometry": {"type": "Polygon", "coordinates": [[[35.0, 0.0], [40.0, 0.0], [40.0, 5.0], [35.0, 5.0], [35.0, 0.0]]]}, "properties": {"n": 464, "tagged_fraction": 0.916, "denom_fraction": 0.552, "g_denom": 0.541, "g_religion": 0.377, "g_amenity_only": 0.082}}, {"type": "Feature", "geometry": {"type": "Polygon", "coordinates": [[[-85.0, 25.0], [-80.0, 25.0], [-80.0, 30.0], [-85.0, 30.0], [-85.0, 25.0]]]}, "properties": {"n": 7294, "tagged_fraction": 0.96, "denom_fraction": 0.466, "g_denom": 0.436, "g_religion": 0.521, "g_amenity_only": 0.044}}, {"type": "Feature", "geometry": {"type": "Polygon", "coordinates": [[[-90.0, 35.0], [-85.0, 35.0], [-85.0, 40.0], [-90.0, 40.0], [-90.0, 35.0]]]}, "properties": {"n": 16480, "tagged_fraction": 0.967, "denom_fraction": 0.287, "g_denom": 0.267, "g_religion": 0.7, "g_amenity_only": 0.034}}, {"type": "Feature", "geometry": {"type": "Polygon", "coordinates": [[[145.0, -40.0], [150.0, -40.0], [150.0, -35.0], [145.0, -35.0], [145.0, -40.0]]]}, "properties": {"n": 1396, "tagged_fraction": 0.953, "denom_fraction": 0.701, "g_denom": 0.648, "g_religion": 0.303, "g_amenity_only": 0.049}}, {"type": "Feature", "geometry": {"type": "Polygon", "coordinates": [[[10.0, 50.0], [15.0, 50.0], [15.0, 55.0], [10.0, 55.0], [10.0, 50.0]]]}, "properties": {"n": 19091, "tagged_fraction": 0.985, "denom_fraction": 0.787, "g_denom": 0.763, "g_religion": 0.222, "g_amenity_only": 0.016}}, {"type": "Feature", "geometry": {"type": "Polygon", "coordinates": [[[85.0, 25.0], [90.0, 25.0], [90.0, 30.0], [85.0, 30.0], [85.0, 25.0]]]}, "properties": {"n": 8214, "tagged_fraction": 0.875, "denom_fraction": 0.051, "g_denom": 0.03, "g_religion": 0.842, "g_amenity_only": 0.128}}, {"type": "Feature", "geometry": {"type": "Polygon", "coordinates": [[[-95.0, 35.0], [-90.0, 35.0], [-90.0, 40.0], [-95.0, 40.0], [-95.0, 35.0]]]}, "properties": {"n": 11478, "tagged_fraction": 0.959, "denom_fraction": 0.373, "g_denom": 0.338, "g_religion": 0.62, "g_amenity_only": 0.042}}, {"type": "Feature", "geometry": {"type": "Polygon", "coordinates": [[[20.0, 50.0], [25.0, 50.0], [25.0, 55.0], [20.0, 55.0], [20.0, 50.0]]]}, "properties": {"n": 8824, "tagged_fraction": 0.989, "denom_fraction": 0.92, "g_denom": 0.878, "g_religion": 0.111, "g_amenity_only": 0.011}}, {"type": "Feature", "geometry": {"type": "Polygon", "coordinates": [[[115.0, 30.0], [120.0, 30.0], [120.0, 35.0], [115.0, 35.0], [115.0, 30.0]]]}, "properties": {"n": 844, "tagged_fraction": 0.93, "denom_fraction": 0.055, "g_denom": 0.051, "g_religion": 0.846, "g_amenity_only": 0.103}}, {"type": "Feature", "geometry": {"type": "Polygon", "coordinates": [[[30.0, 15.0], [35.0, 15.0], [35.0, 20.0], [30.0, 20.0], [30.0, 15.0]]]}, "properties": {"n": 2818, "tagged_fraction": 0.857, "denom_fraction": 0.048, "g_denom": 0.046, "g_religion": 0.811, "g_amenity_only": 0.143}}, {"type": "Feature", "geometry": {"type": "Polygon", "coordinates": [[[75.0, 20.0], [80.0, 20.0], [80.0, 25.0], [75.0, 25.0], [75.0, 20.0]]]}, "properties": {"n": 1880, "tagged_fraction": 0.896, "denom_fraction": 0.092, "g_denom": 0.016, "g_religion": 0.877, "g_amenity_only": 0.106}}, {"type": "Feature", "geometry": {"type": "Polygon", "coordinates": [[[65.0, 30.0], [70.0, 30.0], [70.0, 35.0], [65.0, 35.0], [65.0, 30.0]]]}, "properties": {"n": 1638, "tagged_fraction": 0.974, "denom_fraction": 0.085, "g_denom": 0.081, "g_religion": 0.892, "g_amenity_only": 0.027}}, {"type": "Feature", "geometry": {"type": "Polygon", "coordinates": [[[-80.0, 30.0], [-75.0, 30.0], [-75.0, 35.0], [-80.0, 35.0], [-80.0, 30.0]]]}, "properties": {"n": 3521, "tagged_fraction": 0.983, "denom_fraction": 0.268, "g_denom": 0.236, "g_religion": 0.753, "g_amenity_only": 0.01}}, {"type": "Feature", "geometry": {"type": "Polygon", "coordinates": [[[105.0, -10.0], [110.0, -10.0], [110.0, -5.0], [105.0, -5.0], [105.0, -10.0]]]}, "properties": {"n": 19314, "tagged_fraction": 0.975, "denom_fraction": 0.051, "g_denom": 0.048, "g_religion": 0.927, "g_amenity_only": 0.025}}, {"type": "Feature", "geometry": {"type": "Polygon", "coordinates": [[[130.0, 30.0], [135.0, 30.0], [135.0, 35.0], [130.0, 35.0], [130.0, 30.0]]]}, "properties": {"n": 13827, "tagged_fraction": 0.954, "denom_fraction": 0.044, "g_denom": 0.006, "g_religion": 0.939, "g_amenity_only": 0.055}}, {"type": "Feature", "geometry": {"type": "Polygon", "coordinates": [[[-80.0, 35.0], [-75.0, 35.0], [-75.0, 40.0], [-80.0, 40.0], [-80.0, 35.0]]]}, "properties": {"n": 22942, "tagged_fraction": 0.965, "denom_fraction": 0.395, "g_denom": 0.345, "g_religion": 0.621, "g_amenity_only": 0.034}}, {"type": "Feature", "geometry": {"type": "Polygon", "coordinates": [[[10.0, -10.0], [15.0, -10.0], [15.0, -5.0], [10.0, -5.0], [10.0, -10.0]]]}, "properties": {"n": 391, "tagged_fraction": 0.632, "denom_fraction": 0.355, "g_denom": 0.32, "g_religion": 0.32, "g_amenity_only": 0.361}}, {"type": "Feature", "geometry": {"type": "Polygon", "coordinates": [[[10.0, 30.0], [15.0, 30.0], [15.0, 35.0], [10.0, 35.0], [10.0, 30.0]]]}, "properties": {"n": 4071, "tagged_fraction": 0.965, "denom_fraction": 0.158, "g_denom": 0.155, "g_religion": 0.809, "g_amenity_only": 0.035}}, {"type": "Feature", "geometry": {"type": "Polygon", "coordinates": [[[10.0, 35.0], [15.0, 35.0], [15.0, 40.0], [10.0, 40.0], [10.0, 35.0]]]}, "properties": {"n": 4317, "tagged_fraction": 0.984, "denom_fraction": 0.669, "g_denom": 0.668, "g_religion": 0.317, "g_amenity_only": 0.015}}, {"type": "Feature", "geometry": {"type": "Polygon", "coordinates": [[[-100.0, 40.0], [-95.0, 40.0], [-95.0, 45.0], [-100.0, 45.0], [-100.0, 40.0]]]}, "properties": {"n": 4383, "tagged_fraction": 0.978, "denom_fraction": 0.537, "g_denom": 0.509, "g_religion": 0.468, "g_amenity_only": 0.023}}, {"type": "Feature", "geometry": {"type": "Polygon", "coordinates": [[[5.0, 30.0], [10.0, 30.0], [10.0, 35.0], [5.0, 35.0], [5.0, 30.0]]]}, "properties": {"n": 908, "tagged_fraction": 0.955, "denom_fraction": 0.352, "g_denom": 0.352, "g_religion": 0.602, "g_amenity_only": 0.045}}, {"type": "Feature", "geometry": {"type": "Polygon", "coordinates": [[[35.0, 50.0], [40.0, 50.0], [40.0, 55.0], [35.0, 55.0], [35.0, 50.0]]]}, "properties": {"n": 2817, "tagged_fraction": 0.933, "denom_fraction": 0.662, "g_denom": 0.654, "g_religion": 0.28, "g_amenity_only": 0.066}}, {"type": "Feature", "geometry": {"type": "Polygon", "coordinates": [[[25.0, 35.0], [30.0, 35.0], [30.0, 40.0], [25.0, 40.0], [25.0, 35.0]]]}, "properties": {"n": 13801, "tagged_fraction": 0.986, "denom_fraction": 0.599, "g_denom": 0.597, "g_religion": 0.39, "g_amenity_only": 0.013}}, {"type": "Feature", "geometry": {"type": "Polygon", "coordinates": [[[-100.0, 15.0], [-95.0, 15.0], [-95.0, 20.0], [-100.0, 20.0], [-100.0, 15.0]]]}, "properties": {"n": 4934, "tagged_fraction": 0.815, "denom_fraction": 0.432, "g_denom": 0.422, "g_religion": 0.392, "g_amenity_only": 0.186}}, {"type": "Feature", "geometry": {"type": "Polygon", "coordinates": [[[30.0, -10.0], [35.0, -10.0], [35.0, -5.0], [30.0, -5.0], [30.0, -10.0]]]}, "properties": {"n": 416, "tagged_fraction": 0.623, "denom_fraction": 0.322, "g_denom": 0.312, "g_religion": 0.308, "g_amenity_only": 0.38}}, {"type": "Feature", "geometry": {"type": "Polygon", "coordinates": [[[-80.0, 0.0], [-75.0, 0.0], [-75.0, 5.0], [-80.0, 5.0], [-80.0, 0.0]]]}, "properties": {"n": 1764, "tagged_fraction": 0.798, "denom_fraction": 0.539, "g_denom": 0.523, "g_religion": 0.275, "g_amenity_only": 0.202}}, {"type": "Feature", "geometry": {"type": "Polygon", "coordinates": [[[-85.0, 5.0], [-80.0, 5.0], [-80.0, 10.0], [-85.0, 10.0], [-85.0, 5.0]]]}, "properties": {"n": 2430, "tagged_fraction": 0.949, "denom_fraction": 0.783, "g_denom": 0.765, "g_religion": 0.183, "g_amenity_only": 0.051}}, {"type": "Feature", "geometry": {"type": "Polygon", "coordinates": [[[-60.0, -35.0], [-55.0, -35.0], [-55.0, -30.0], [-60.0, -30.0], [-60.0, -35.0]]]}, "properties": {"n": 2643, "tagged_fraction": 0.913, "denom_fraction": 0.523, "g_denom": 0.492, "g_religion": 0.42, "g_amenity_only": 0.088}}, {"type": "Feature", "geometry": {"type": "Polygon", "coordinates": [[[150.0, -25.0], [155.0, -25.0], [155.0, -20.0], [150.0, -20.0], [150.0, -25.0]]]}, "properties": {"n": 114, "tagged_fraction": 0.921, "denom_fraction": 0.544, "g_denom": 0.474, "g_religion": 0.439, "g_amenity_only": 0.088}}, {"type": "Feature", "geometry": {"type": "Polygon", "coordinates": [[[-80.0, 20.0], [-75.0, 20.0], [-75.0, 25.0], [-80.0, 25.0], [-80.0, 20.0]]]}, "properties": {"n": 658, "tagged_fraction": 0.67, "denom_fraction": 0.488, "g_denom": 0.46, "g_religion": 0.214, "g_amenity_only": 0.325}}, {"type": "Feature", "geometry": {"type": "Polygon", "coordinates": [[[-100.0, 45.0], [-95.0, 45.0], [-95.0, 50.0], [-100.0, 50.0], [-100.0, 45.0]]]}, "properties": {"n": 1906, "tagged_fraction": 0.81, "denom_fraction": 0.364, "g_denom": 0.333, "g_religion": 0.477, "g_amenity_only": 0.19}}, {"type": "Feature", "geometry": {"type": "Polygon", "coordinates": [[[-80.0, 40.0], [-75.0, 40.0], [-75.0, 45.0], [-80.0, 45.0], [-80.0, 40.0]]]}, "properties": {"n": 13906, "tagged_fraction": 0.961, "denom_fraction": 0.511, "g_denom": 0.451, "g_religion": 0.507, "g_amenity_only": 0.042}}, {"type": "Feature", "geometry": {"type": "Polygon", "coordinates": [[[-90.0, 30.0], [-85.0, 30.0], [-85.0, 35.0], [-90.0, 35.0], [-90.0, 30.0]]]}, "properties": {"n": 20310, "tagged_fraction": 0.986, "denom_fraction": 0.351, "g_denom": 0.334, "g_religion": 0.652, "g_amenity_only": 0.014}}, {"type": "Feature", "geometry": {"type": "Polygon", "coordinates": [[[-60.0, 70.0], [-55.0, 70.0], [-55.0, 75.0], [-60.0, 75.0], [-60.0, 70.0]]]}, "properties": {"n": 10, "tagged_fraction": 1.0, "denom_fraction": 0.2, "g_denom": 0.2, "g_religion": 0.8, "g_amenity_only": 0.0}}, {"type": "Feature", "geometry": {"type": "Polygon", "coordinates": [[[100.0, -5.0], [105.0, -5.0], [105.0, 0.0], [100.0, 0.0], [100.0, -5.0]]]}, "properties": {"n": 4218, "tagged_fraction": 0.977, "denom_fraction": 0.04, "g_denom": 0.04, "g_religion": 0.937, "g_amenity_only": 0.023}}, {"type": "Feature", "geometry": {"type": "Polygon", "coordinates": [[[-10.0, 35.0], [-5.0, 35.0], [-5.0, 40.0], [-10.0, 40.0], [-10.0, 35.0]]]}, "properties": {"n": 6703, "tagged_fraction": 0.974, "denom_fraction": 0.625, "g_denom": 0.619, "g_religion": 0.354, "g_amenity_only": 0.028}}, {"type": "Feature", "geometry": {"type": "Polygon", "coordinates": [[[0.0, 40.0], [5.0, 40.0], [5.0, 45.0], [0.0, 45.0], [0.0, 40.0]]]}, "properties": {"n": 15290, "tagged_fraction": 0.988, "denom_fraction": 0.791, "g_denom": 0.788, "g_religion": 0.199, "g_amenity_only": 0.013}}, {"type": "Feature", "geometry": {"type": "Polygon", "coordinates": [[[75.0, 30.0], [80.0, 30.0], [80.0, 35.0], [75.0, 35.0], [75.0, 30.0]]]}, "properties": {"n": 3127, "tagged_fraction": 0.811, "denom_fraction": 0.079, "g_denom": 0.038, "g_religion": 0.772, "g_amenity_only": 0.191}}, {"type": "Feature", "geometry": {"type": "Polygon", "coordinates": [[[105.0, -5.0], [110.0, -5.0], [110.0, 0.0], [105.0, 0.0], [105.0, -5.0]]]}, "properties": {"n": 789, "tagged_fraction": 0.829, "denom_fraction": 0.053, "g_denom": 0.046, "g_religion": 0.772, "g_amenity_only": 0.183}}, {"type": "Feature", "geometry": {"type": "Polygon", "coordinates": [[[35.0, 20.0], [40.0, 20.0], [40.0, 25.0], [35.0, 25.0], [35.0, 20.0]]]}, "properties": {"n": 2256, "tagged_fraction": 1.0, "denom_fraction": 0.113, "g_denom": 0.111, "g_religion": 0.889, "g_amenity_only": 0.0}}, {"type": "Feature", "geometry": {"type": "Polygon", "coordinates": [[[45.0, -20.0], [50.0, -20.0], [50.0, -15.0], [45.0, -15.0], [45.0, -20.0]]]}, "properties": {"n": 1359, "tagged_fraction": 0.875, "denom_fraction": 0.501, "g_denom": 0.474, "g_religion": 0.399, "g_amenity_only": 0.127}}, {"type": "Feature", "geometry": {"type": "Polygon", "coordinates": [[[40.0, 30.0], [45.0, 30.0], [45.0, 35.0], [40.0, 35.0], [40.0, 30.0]]]}, "properties": {"n": 2375, "tagged_fraction": 0.525, "denom_fraction": 0.099, "g_denom": 0.095, "g_religion": 0.429, "g_amenity_only": 0.475}}, {"type": "Feature", "geometry": {"type": "Polygon", "coordinates": [[[-10.0, 50.0], [-5.0, 50.0], [-5.0, 55.0], [-10.0, 55.0], [-10.0, 50.0]]]}, "properties": {"n": 5538, "tagged_fraction": 0.985, "denom_fraction": 0.824, "g_denom": 0.787, "g_religion": 0.197, "g_amenity_only": 0.016}}, {"type": "Feature", "geometry": {"type": "Polygon", "coordinates": [[[120.0, 15.0], [125.0, 15.0], [125.0, 20.0], [120.0, 20.0], [120.0, 15.0]]]}, "properties": {"n": 3388, "tagged_fraction": 0.88, "denom_fraction": 0.635, "g_denom": 0.483, "g_religion": 0.396, "g_amenity_only": 0.121}}, {"type": "Feature", "geometry": {"type": "Polygon", "coordinates": [[[-95.0, 40.0], [-90.0, 40.0], [-90.0, 45.0], [-95.0, 45.0], [-95.0, 40.0]]]}, "properties": {"n": 7316, "tagged_fraction": 0.981, "denom_fraction": 0.516, "g_denom": 0.481, "g_religion": 0.497, "g_amenity_only": 0.021}}, {"type": "Feature", "geometry": {"type": "Polygon", "coordinates": [[[35.0, 45.0], [40.0, 45.0], [40.0, 50.0], [35.0, 50.0], [35.0, 45.0]]]}, "properties": {"n": 1846, "tagged_fraction": 0.886, "denom_fraction": 0.564, "g_denom": 0.502, "g_religion": 0.382, "g_amenity_only": 0.116}}, {"type": "Feature", "geometry": {"type": "Polygon", "coordinates": [[[65.0, 35.0], [70.0, 35.0], [70.0, 40.0], [65.0, 40.0], [65.0, 35.0]]]}, "properties": {"n": 1405, "tagged_fraction": 0.962, "denom_fraction": 0.523, "g_denom": 0.521, "g_religion": 0.441, "g_amenity_only": 0.038}}, {"type": "Feature", "geometry": {"type": "Polygon", "coordinates": [[[-5.0, 35.0], [0.0, 35.0], [0.0, 40.0], [-5.0, 40.0], [-5.0, 35.0]]]}, "properties": {"n": 6534, "tagged_fraction": 0.982, "denom_fraction": 0.525, "g_denom": 0.521, "g_religion": 0.461, "g_amenity_only": 0.018}}, {"type": "Feature", "geometry": {"type": "Polygon", "coordinates": [[[-75.0, 40.0], [-70.0, 40.0], [-70.0, 45.0], [-75.0, 45.0], [-75.0, 40.0]]]}, "properties": {"n": 17601, "tagged_fraction": 0.963, "denom_fraction": 0.492, "g_denom": 0.408, "g_religion": 0.545, "g_amenity_only": 0.047}}, {"type": "Feature", "geometry": {"type": "Polygon", "coordinates": [[[95.0, 15.0], [100.0, 15.0], [100.0, 20.0], [95.0, 20.0], [95.0, 15.0]]]}, "properties": {"n": 10843, "tagged_fraction": 0.845, "denom_fraction": 0.091, "g_denom": 0.089, "g_religion": 0.754, "g_amenity_only": 0.157}}, {"type": "Feature", "geometry": {"type": "Polygon", "coordinates": [[[-125.0, 35.0], [-120.0, 35.0], [-120.0, 40.0], [-125.0, 40.0], [-125.0, 35.0]]]}, "properties": {"n": 5471, "tagged_fraction": 0.95, "denom_fraction": 0.522, "g_denom": 0.459, "g_religion": 0.483, "g_amenity_only": 0.058}}, {"type": "Feature", "geometry": {"type": "Polygon", "coordinates": [[[55.0, 35.0], [60.0, 35.0], [60.0, 40.0], [55.0, 40.0], [55.0, 35.0]]]}, "properties": {"n": 1023, "tagged_fraction": 0.912, "denom_fraction": 0.421, "g_denom": 0.418, "g_religion": 0.496, "g_amenity_only": 0.086}}, {"type": "Feature", "geometry": {"type": "Polygon", "coordinates": [[[40.0, 55.0], [45.0, 55.0], [45.0, 60.0], [40.0, 60.0], [40.0, 55.0]]]}, "properties": {"n": 2319, "tagged_fraction": 0.948, "denom_fraction": 0.671, "g_denom": 0.661, "g_religion": 0.287, "g_amenity_only": 0.052}}, {"type": "Feature", "geometry": {"type": "Polygon", "coordinates": [[[30.0, 0.0], [35.0, 0.0], [35.0, 5.0], [30.0, 5.0], [30.0, 0.0]]]}, "properties": {"n": 3844, "tagged_fraction": 0.934, "denom_fraction": 0.332, "g_denom": 0.299, "g_religion": 0.636, "g_amenity_only": 0.065}}, {"type": "Feature", "geometry": {"type": "Polygon", "coordinates": [[[75.0, 5.0], [80.0, 5.0], [80.0, 10.0], [75.0, 10.0], [75.0, 5.0]]]}, "properties": {"n": 14931, "tagged_fraction": 0.936, "denom_fraction": 0.131, "g_denom": 0.095, "g_religion": 0.84, "g_amenity_only": 0.065}}, {"type": "Feature", "geometry": {"type": "Polygon", "coordinates": [[[5.0, 15.0], [10.0, 15.0], [10.0, 20.0], [5.0, 20.0], [5.0, 15.0]]]}, "properties": {"n": 60, "tagged_fraction": 0.8, "denom_fraction": 0.117, "g_denom": 0.117, "g_religion": 0.683, "g_amenity_only": 0.2}}, {"type": "Feature", "geometry": {"type": "Polygon", "coordinates": [[[0.0, 35.0], [5.0, 35.0], [5.0, 40.0], [0.0, 40.0], [0.0, 35.0]]]}, "properties": {"n": 3856, "tagged_fraction": 0.955, "denom_fraction": 0.481, "g_denom": 0.477, "g_religion": 0.477, "g_amenity_only": 0.046}}, {"type": "Feature", "geometry": {"type": "Polygon", "coordinates": [[[80.0, 10.0], [85.0, 10.0], [85.0, 15.0], [80.0, 15.0], [80.0, 10.0]]]}, "properties": {"n": 1201, "tagged_fraction": 0.942, "denom_fraction": 0.128, "g_denom": 0.065, "g_religion": 0.874, "g_amenity_only": 0.061}}, {"type": "Feature", "geometry": {"type": "Polygon", "coordinates": [[[15.0, -15.0], [20.0, -15.0], [20.0, -10.0], [15.0, -10.0], [15.0, -15.0]]]}, "properties": {"n": 46, "tagged_fraction": 0.848, "denom_fraction": 0.435, "g_denom": 0.435, "g_religion": 0.413, "g_amenity_only": 0.152}}, {"type": "Feature", "geometry": {"type": "Polygon", "coordinates": [[[90.0, 25.0], [95.0, 25.0], [95.0, 30.0], [90.0, 30.0], [90.0, 25.0]]]}, "properties": {"n": 1890, "tagged_fraction": 0.885, "denom_fraction": 0.222, "g_denom": 0.207, "g_religion": 0.676, "g_amenity_only": 0.117}}, {"type": "Feature", "geometry": {"type": "Polygon", "coordinates": [[[110.0, 20.0], [115.0, 20.0], [115.0, 25.0], [110.0, 25.0], [110.0, 20.0]]]}, "properties": {"n": 2387, "tagged_fraction": 0.565, "denom_fraction": 0.099, "g_denom": 0.086, "g_religion": 0.409, "g_amenity_only": 0.505}}, {"type": "Feature", "geometry": {"type": "Polygon", "coordinates": [[[-5.0, 30.0], [0.0, 30.0], [0.0, 35.0], [-5.0, 35.0], [-5.0, 30.0]]]}, "properties": {"n": 1135, "tagged_fraction": 0.926, "denom_fraction": 0.15, "g_denom": 0.15, "g_religion": 0.776, "g_amenity_only": 0.074}}, {"type": "Feature", "geometry": {"type": "Polygon", "coordinates": [[[-85.0, 40.0], [-80.0, 40.0], [-80.0, 45.0], [-85.0, 45.0], [-85.0, 40.0]]]}, "properties": {"n": 14726, "tagged_fraction": 0.957, "denom_fraction": 0.485, "g_denom": 0.448, "g_religion": 0.507, "g_amenity_only": 0.044}}, {"type": "Feature", "geometry": {"type": "Polygon", "coordinates": [[[-115.0, 30.0], [-110.0, 30.0], [-110.0, 35.0], [-115.0, 35.0], [-115.0, 30.0]]]}, "properties": {"n": 2467, "tagged_fraction": 0.859, "denom_fraction": 0.433, "g_denom": 0.37, "g_religion": 0.491, "g_amenity_only": 0.139}}, {"type": "Feature", "geometry": {"type": "Polygon", "coordinates": [[[95.0, 25.0], [100.0, 25.0], [100.0, 30.0], [95.0, 30.0], [95.0, 25.0]]]}, "properties": {"n": 952, "tagged_fraction": 0.878, "denom_fraction": 0.181, "g_denom": 0.181, "g_religion": 0.602, "g_amenity_only": 0.217}}, {"type": "Feature", "geometry": {"type": "Polygon", "coordinates": [[[30.0, 10.0], [35.0, 10.0], [35.0, 15.0], [30.0, 15.0], [30.0, 10.0]]]}, "properties": {"n": 904, "tagged_fraction": 0.978, "denom_fraction": 0.024, "g_denom": 0.022, "g_religion": 0.956, "g_amenity_only": 0.022}}, {"type": "Feature", "geometry": {"type": "Polygon", "coordinates": [[[-5.0, 50.0], [0.0, 50.0], [0.0, 55.0], [-5.0, 55.0], [-5.0, 50.0]]]}, "properties": {"n": 30732, "tagged_fraction": 0.981, "denom_fraction": 0.782, "g_denom": 0.712, "g_religion": 0.266, "g_amenity_only": 0.022}}, {"type": "Feature", "geometry": {"type": "Polygon", "coordinates": [[[-75.0, -55.0], [-70.0, -55.0], [-70.0, -50.0], [-75.0, -50.0], [-75.0, -55.0]]]}, "properties": {"n": 71, "tagged_fraction": 0.775, "denom_fraction": 0.38, "g_denom": 0.338, "g_religion": 0.423, "g_amenity_only": 0.239}}, {"type": "Feature", "geometry": {"type": "Polygon", "coordinates": [[[-85.0, 35.0], [-80.0, 35.0], [-80.0, 40.0], [-85.0, 40.0], [-85.0, 35.0]]]}, "properties": {"n": 23639, "tagged_fraction": 0.981, "denom_fraction": 0.32, "g_denom": 0.292, "g_religion": 0.691, "g_amenity_only": 0.017}}, {"type": "Feature", "geometry": {"type": "Polygon", "coordinates": [[[35.0, 60.0], [40.0, 60.0], [40.0, 65.0], [35.0, 65.0], [35.0, 60.0]]]}, "properties": {"n": 271, "tagged_fraction": 0.867, "denom_fraction": 0.657, "g_denom": 0.653, "g_religion": 0.214, "g_amenity_only": 0.133}}, {"type": "Feature", "geometry": {"type": "Polygon", "coordinates": [[[125.0, 35.0], [130.0, 35.0], [130.0, 40.0], [125.0, 40.0], [125.0, 35.0]]]}, "properties": {"n": 11108, "tagged_fraction": 0.918, "denom_fraction": 0.175, "g_denom": 0.158, "g_religion": 0.757, "g_amenity_only": 0.085}}, {"type": "Feature", "geometry": {"type": "Polygon", "coordinates": [[[20.0, 40.0], [25.0, 40.0], [25.0, 45.0], [20.0, 45.0], [20.0, 40.0]]]}, "properties": {"n": 11547, "tagged_fraction": 0.965, "denom_fraction": 0.625, "g_denom": 0.546, "g_religion": 0.42, "g_amenity_only": 0.034}}, {"type": "Feature", "geometry": {"type": "Polygon", "coordinates": [[[-100.0, 35.0], [-95.0, 35.0], [-95.0, 40.0], [-100.0, 40.0], [-100.0, 35.0]]]}, "properties": {"n": 5798, "tagged_fraction": 0.962, "denom_fraction": 0.449, "g_denom": 0.403, "g_religion": 0.557, "g_amenity_only": 0.039}}, {"type": "Feature", "geometry": {"type": "Polygon", "coordinates": [[[100.0, 35.0], [105.0, 35.0], [105.0, 40.0], [100.0, 40.0], [100.0, 35.0]]]}, "properties": {"n": 2101, "tagged_fraction": 0.646, "denom_fraction": 0.38, "g_denom": 0.376, "g_religion": 0.271, "g_amenity_only": 0.354}}, {"type": "Feature", "geometry": {"type": "Polygon", "coordinates": [[[95.0, 35.0], [100.0, 35.0], [100.0, 40.0], [95.0, 40.0], [95.0, 35.0]]]}, "properties": {"n": 93, "tagged_fraction": 0.624, "denom_fraction": 0.172, "g_denom": 0.172, "g_religion": 0.452, "g_amenity_only": 0.376}}, {"type": "Feature", "geometry": {"type": "Polygon", "coordinates": [[[-10.0, 30.0], [-5.0, 30.0], [-5.0, 35.0], [-10.0, 35.0], [-10.0, 30.0]]]}, "properties": {"n": 2427, "tagged_fraction": 0.956, "denom_fraction": 0.141, "g_denom": 0.138, "g_religion": 0.818, "g_amenity_only": 0.044}}, {"type": "Feature", "geometry": {"type": "Polygon", "coordinates": [[[100.0, 5.0], [105.0, 5.0], [105.0, 10.0], [100.0, 10.0], [100.0, 5.0]]]}, "properties": {"n": 3706, "tagged_fraction": 0.947, "denom_fraction": 0.275, "g_denom": 0.269, "g_religion": 0.667, "g_amenity_only": 0.064}}, {"type": "Feature", "geometry": {"type": "Polygon", "coordinates": [[[80.0, 25.0], [85.0, 25.0], [85.0, 30.0], [80.0, 30.0], [80.0, 25.0]]]}, "properties": {"n": 6021, "tagged_fraction": 0.884, "denom_fraction": 0.037, "g_denom": 0.011, "g_religion": 0.87, "g_amenity_only": 0.118}}, {"type": "Feature", "geometry": {"type": "Polygon", "coordinates": [[[-90.0, 20.0], [-85.0, 20.0], [-85.0, 25.0], [-90.0, 25.0], [-90.0, 20.0]]]}, "properties": {"n": 807, "tagged_fraction": 0.871, "denom_fraction": 0.315, "g_denom": 0.306, "g_religion": 0.564, "g_amenity_only": 0.13}}, {"type": "Feature", "geometry": {"type": "Polygon", "coordinates": [[[95.0, 5.0], [100.0, 5.0], [100.0, 10.0], [95.0, 10.0], [95.0, 5.0]]]}, "properties": {"n": 2060, "tagged_fraction": 0.9, "denom_fraction": 0.045, "g_denom": 0.045, "g_religion": 0.85, "g_amenity_only": 0.105}}, {"type": "Feature", "geometry": {"type": "Polygon", "coordinates": [[[50.0, 15.0], [55.0, 15.0], [55.0, 20.0], [50.0, 20.0], [50.0, 15.0]]]}, "properties": {"n": 438, "tagged_fraction": 0.977, "denom_fraction": 0.281, "g_denom": 0.279, "g_religion": 0.699, "g_amenity_only": 0.023}}, {"type": "Feature", "geometry": {"type": "Polygon", "coordinates": [[[35.0, 65.0], [40.0, 65.0], [40.0, 70.0], [35.0, 70.0], [35.0, 65.0]]]}, "properties": {"n": 41, "tagged_fraction": 0.902, "denom_fraction": 0.707, "g_denom": 0.707, "g_religion": 0.195, "g_amenity_only": 0.098}}, {"type": "Feature", "geometry": {"type": "Polygon", "coordinates": [[[50.0, 30.0], [55.0, 30.0], [55.0, 35.0], [50.0, 35.0], [50.0, 30.0]]]}, "properties": {"n": 2895, "tagged_fraction": 0.913, "denom_fraction": 0.375, "g_denom": 0.37, "g_religion": 0.554, "g_amenity_only": 0.075}}, {"type": "Feature", "geometry": {"type": "Polygon", "coordinates": [[[15.0, 40.0], [20.0, 40.0], [20.0, 45.0], [15.0, 45.0], [15.0, 40.0]]]}, "properties": {"n": 12622, "tagged_fraction": 0.976, "denom_fraction": 0.557, "g_denom": 0.552, "g_religion": 0.424, "g_amenity_only": 0.024}}, {"type": "Feature", "geometry": {"type": "Polygon", "coordinates": [[[145.0, -35.0], [150.0, -35.0], [150.0, -30.0], [145.0, -30.0], [145.0, -35.0]]]}, "properties": {"n": 438, "tagged_fraction": 0.963, "denom_fraction": 0.801, "g_denom": 0.772, "g_religion": 0.192, "g_amenity_only": 0.037}}, {"type": "Feature", "geometry": {"type": "Polygon", "coordinates": [[[0.0, 10.0], [5.0, 10.0], [5.0, 15.0], [0.0, 15.0], [0.0, 10.0]]]}, "properties": {"n": 1315, "tagged_fraction": 0.976, "denom_fraction": 0.141, "g_denom": 0.136, "g_religion": 0.84, "g_amenity_only": 0.024}}, {"type": "Feature", "geometry": {"type": "Polygon", "coordinates": [[[15.0, 50.0], [20.0, 50.0], [20.0, 55.0], [15.0, 55.0], [15.0, 50.0]]]}, "properties": {"n": 13898, "tagged_fraction": 0.99, "denom_fraction": 0.914, "g_denom": 0.896, "g_religion": 0.094, "g_amenity_only": 0.01}}, {"type": "Feature", "geometry": {"type": "Polygon", "coordinates": [[[110.0, -10.0], [115.0, -10.0], [115.0, -5.0], [110.0, -5.0], [110.0, -10.0]]]}, "properties": {"n": 28086, "tagged_fraction": 0.981, "denom_fraction": 0.05, "g_denom": 0.049, "g_religion": 0.932, "g_amenity_only": 0.019}}, {"type": "Feature", "geometry": {"type": "Polygon", "coordinates": [[[-105.0, 50.0], [-100.0, 50.0], [-100.0, 55.0], [-105.0, 55.0], [-105.0, 50.0]]]}, "properties": {"n": 686, "tagged_fraction": 0.383, "denom_fraction": 0.229, "g_denom": 0.21, "g_religion": 0.175, "g_amenity_only": 0.615}}, {"type": "Feature", "geometry": {"type": "Polygon", "coordinates": [[[135.0, 45.0], [140.0, 45.0], [140.0, 50.0], [135.0, 50.0], [135.0, 45.0]]]}, "properties": {"n": 34, "tagged_fraction": 0.941, "denom_fraction": 0.588, "g_denom": 0.529, "g_religion": 0.382, "g_amenity_only": 0.088}}, {"type": "Feature", "geometry": {"type": "Polygon", "coordinates": [[[70.0, -5.0], [75.0, -5.0], [75.0, 0.0], [70.0, 0.0], [70.0, -5.0]]]}, "properties": {"n": 88, "tagged_fraction": 0.989, "denom_fraction": 0.08, "g_denom": 0.08, "g_religion": 0.909, "g_amenity_only": 0.011}}, {"type": "Feature", "geometry": {"type": "Polygon", "coordinates": [[[15.0, -10.0], [20.0, -10.0], [20.0, -5.0], [15.0, -5.0], [15.0, -10.0]]]}, "properties": {"n": 154, "tagged_fraction": 0.279, "denom_fraction": 0.11, "g_denom": 0.091, "g_religion": 0.188, "g_amenity_only": 0.721}}, {"type": "Feature", "geometry": {"type": "Polygon", "coordinates": [[[115.0, 5.0], [120.0, 5.0], [120.0, 10.0], [115.0, 10.0], [115.0, 5.0]]]}, "properties": {"n": 556, "tagged_fraction": 0.885, "denom_fraction": 0.367, "g_denom": 0.306, "g_religion": 0.576, "g_amenity_only": 0.119}}, {"type": "Feature", "geometry": {"type": "Polygon", "coordinates": [[[-65.0, 0.0], [-60.0, 0.0], [-60.0, 5.0], [-65.0, 5.0], [-65.0, 0.0]]]}, "properties": {"n": 120, "tagged_fraction": 0.933, "denom_fraction": 0.8, "g_denom": 0.775, "g_religion": 0.167, "g_amenity_only": 0.058}}, {"type": "Feature", "geometry": {"type": "Polygon", "coordinates": [[[-110.0, 30.0], [-105.0, 30.0], [-105.0, 35.0], [-110.0, 35.0], [-110.0, 30.0]]]}, "properties": {"n": 1256, "tagged_fraction": 0.962, "denom_fraction": 0.602, "g_denom": 0.571, "g_religion": 0.388, "g_amenity_only": 0.041}}, {"type": "Feature", "geometry": {"type": "Polygon", "coordinates": [[[-100.0, 25.0], [-95.0, 25.0], [-95.0, 30.0], [-100.0, 30.0], [-100.0, 25.0]]]}, "properties": {"n": 4986, "tagged_fraction": 0.977, "denom_fraction": 0.585, "g_denom": 0.559, "g_religion": 0.416, "g_amenity_only": 0.025}}, {"type": "Feature", "geometry": {"type": "Polygon", "coordinates": [[[40.0, 40.0], [45.0, 40.0], [45.0, 45.0], [40.0, 45.0], [40.0, 40.0]]]}, "properties": {"n": 6298, "tagged_fraction": 0.971, "denom_fraction": 0.661, "g_denom": 0.398, "g_religion": 0.572, "g_amenity_only": 0.03}}, {"type": "Feature", "geometry": {"type": "Polygon", "coordinates": [[[30.0, 45.0], [35.0, 45.0], [35.0, 50.0], [30.0, 50.0], [30.0, 45.0]]]}, "properties": {"n": 2136, "tagged_fraction": 0.929, "denom_fraction": 0.536, "g_denom": 0.375, "g_religion": 0.554, "g_amenity_only": 0.071}}, {"type": "Feature", "geometry": {"type": "Polygon", "coordinates": [[[-75.0, -30.0], [-70.0, -30.0], [-70.0, -25.0], [-75.0, -25.0], [-75.0, -30.0]]]}, "properties": {"n": 120, "tagged_fraction": 0.875, "denom_fraction": 0.4, "g_denom": 0.392, "g_religion": 0.483, "g_amenity_only": 0.125}}, {"type": "Feature", "geometry": {"type": "Polygon", "coordinates": [[[45.0, 55.0], [50.0, 55.0], [50.0, 60.0], [45.0, 60.0], [45.0, 55.0]]]}, "properties": {"n": 1528, "tagged_fraction": 0.963, "denom_fraction": 0.74, "g_denom": 0.729, "g_religion": 0.234, "g_amenity_only": 0.037}}, {"type": "Feature", "geometry": {"type": "Polygon", "coordinates": [[[30.0, -30.0], [35.0, -30.0], [35.0, -25.0], [30.0, -25.0], [30.0, -30.0]]]}, "properties": {"n": 680, "tagged_fraction": 0.896, "denom_fraction": 0.31, "g_denom": 0.259, "g_religion": 0.634, "g_amenity_only": 0.107}}, {"type": "Feature", "geometry": {"type": "Polygon", "coordinates": [[[100.0, 0.0], [105.0, 0.0], [105.0, 5.0], [100.0, 5.0], [100.0, 0.0]]]}, "properties": {"n": 9204, "tagged_fraction": 0.953, "denom_fraction": 0.124, "g_denom": 0.114, "g_religion": 0.83, "g_amenity_only": 0.056}}, {"type": "Feature", "geometry": {"type": "Polygon", "coordinates": [[[175.0, -20.0], [180.0, -20.0], [180.0, -15.0], [175.0, -15.0], [175.0, -20.0]]]}, "properties": {"n": 305, "tagged_fraction": 0.869, "denom_fraction": 0.413, "g_denom": 0.387, "g_religion": 0.482, "g_amenity_only": 0.131}}, {"type": "Feature", "geometry": {"type": "Polygon", "coordinates": [[[-10.0, 40.0], [-5.0, 40.0], [-5.0, 45.0], [-10.0, 45.0], [-10.0, 40.0]]]}, "properties": {"n": 20304, "tagged_fraction": 0.988, "denom_fraction": 0.848, "g_denom": 0.846, "g_religion": 0.142, "g_amenity_only": 0.012}}, {"type": "Feature", "geometry": {"type": "Polygon", "coordinates": [[[-120.0, 35.0], [-115.0, 35.0], [-115.0, 40.0], [-120.0, 40.0], [-120.0, 35.0]]]}, "properties": {"n": 2522, "tagged_fraction": 0.868, "denom_fraction": 0.313, "g_denom": 0.29, "g_religion": 0.575, "g_amenity_only": 0.135}}, {"type": "Feature", "geometry": {"type": "Polygon", "coordinates": [[[-5.0, 25.0], [0.0, 25.0], [0.0, 30.0], [-5.0, 30.0], [-5.0, 25.0]]]}, "properties": {"n": 49, "tagged_fraction": 1.0, "denom_fraction": 0.163, "g_denom": 0.163, "g_religion": 0.837, "g_amenity_only": 0.0}}, {"type": "Feature", "geometry": {"type": "Polygon", "coordinates": [[[-75.0, 10.0], [-70.0, 10.0], [-70.0, 15.0], [-75.0, 15.0], [-75.0, 10.0]]]}, "properties": {"n": 508, "tagged_fraction": 0.829, "denom_fraction": 0.537, "g_denom": 0.53, "g_religion": 0.299, "g_amenity_only": 0.171}}, {"type": "Feature", "geometry": {"type": "Polygon", "coordinates": [[[-5.0, 5.0], [0.0, 5.0], [0.0, 10.0], [-5.0, 10.0], [-5.0, 5.0]]]}, "properties": {"n": 5478, "tagged_fraction": 0.948, "denom_fraction": 0.35, "g_denom": 0.317, "g_religion": 0.632, "g_amenity_only": 0.051}}, {"type": "Feature", "geometry": {"type": "Polygon", "coordinates": [[[35.0, 55.0], [40.0, 55.0], [40.0, 60.0], [35.0, 60.0], [35.0, 55.0]]]}, "properties": {"n": 4709, "tagged_fraction": 0.943, "denom_fraction": 0.822, "g_denom": 0.805, "g_religion": 0.138, "g_amenity_only": 0.057}}, {"type": "Feature", "geometry": {"type": "Polygon", "coordinates": [[[-110.0, 25.0], [-105.0, 25.0], [-105.0, 30.0], [-110.0, 30.0], [-110.0, 25.0]]]}, "properties": {"n": 549, "tagged_fraction": 0.9, "denom_fraction": 0.685, "g_denom": 0.668, "g_religion": 0.235, "g_amenity_only": 0.097}}, {"type": "Feature", "geometry": {"type": "Polygon", "coordinates": [[[-75.0, 5.0], [-70.0, 5.0], [-70.0, 10.0], [-75.0, 10.0], [-75.0, 5.0]]]}, "properties": {"n": 1552, "tagged_fraction": 0.81, "denom_fraction": 0.492, "g_denom": 0.476, "g_religion": 0.338, "g_amenity_only": 0.186}}, {"type": "Feature", "geometry": {"type": "Polygon", "coordinates": [[[150.0, -35.0], [155.0, -35.0], [155.0, -30.0], [150.0, -30.0], [150.0, -35.0]]]}, "properties": {"n": 1935, "tagged_fraction": 0.967, "denom_fraction": 0.729, "g_denom": 0.671, "g_religion": 0.291, "g_amenity_only": 0.038}}, {"type": "Feature", "geometry": {"type": "Polygon", "coordinates": [[[80.0, 15.0], [85.0, 15.0], [85.0, 20.0], [80.0, 20.0], [80.0, 15.0]]]}, "properties": {"n": 3751, "tagged_fraction": 0.888, "denom_fraction": 0.059, "g_denom": 0.03, "g_religion": 0.857, "g_amenity_only": 0.113}}, {"type": "Feature", "geometry": {"type": "Polygon", "coordinates": [[[30.0, 60.0], [35.0, 60.0], [35.0, 65.0], [30.0, 65.0], [30.0, 60.0]]]}, "properties": {"n": 547, "tagged_fraction": 0.925, "denom_fraction": 0.755, "g_denom": 0.748, "g_religion": 0.176, "g_amenity_only": 0.077}}, {"type": "Feature", "geometry": {"type": "Polygon", "coordinates": [[[40.0, -25.0], [45.0, -25.0], [45.0, -20.0], [40.0, -20.0], [40.0, -25.0]]]}, "properties": {"n": 131, "tagged_fraction": 0.824, "denom_fraction": 0.489, "g_denom": 0.458, "g_religion": 0.366, "g_amenity_only": 0.176}}, {"type": "Feature", "geometry": {"type": "Polygon", "coordinates": [[[-5.0, 15.0], [0.0, 15.0], [0.0, 20.0], [-5.0, 20.0], [-5.0, 15.0]]]}, "properties": {"n": 163, "tagged_fraction": 0.994, "denom_fraction": 0.037, "g_denom": 0.031, "g_religion": 0.963, "g_amenity_only": 0.006}}, {"type": "Feature", "geometry": {"type": "Polygon", "coordinates": [[[15.0, -35.0], [20.0, -35.0], [20.0, -30.0], [15.0, -30.0], [15.0, -35.0]]]}, "properties": {"n": 977, "tagged_fraction": 0.971, "denom_fraction": 0.662, "g_denom": 0.462, "g_religion": 0.51, "g_amenity_only": 0.029}}, {"type": "Feature", "geometry": {"type": "Polygon", "coordinates": [[[100.0, 20.0], [105.0, 20.0], [105.0, 25.0], [100.0, 25.0], [100.0, 20.0]]]}, "properties": {"n": 1035, "tagged_fraction": 0.786, "denom_fraction": 0.24, "g_denom": 0.238, "g_religion": 0.5, "g_amenity_only": 0.263}}, {"type": "Feature", "geometry": {"type": "Polygon", "coordinates": [[[60.0, 50.0], [65.0, 50.0], [65.0, 55.0], [60.0, 55.0], [60.0, 50.0]]]}, "properties": {"n": 145, "tagged_fraction": 0.972, "denom_fraction": 0.745, "g_denom": 0.731, "g_religion": 0.241, "g_amenity_only": 0.028}}, {"type": "Feature", "geometry": {"type": "Polygon", "coordinates": [[[5.0, 0.0], [10.0, 0.0], [10.0, 5.0], [5.0, 5.0], [5.0, 0.0]]]}, "properties": {"n": 1188, "tagged_fraction": 0.566, "denom_fraction": 0.241, "g_denom": 0.227, "g_religion": 0.337, "g_amenity_only": 0.436}}, {"type": "Feature", "geometry": {"type": "Polygon", "coordinates": [[[50.0, 25.0], [55.0, 25.0], [55.0, 30.0], [50.0, 30.0], [50.0, 25.0]]]}, "properties": {"n": 3263, "tagged_fraction": 0.958, "denom_fraction": 0.348, "g_denom": 0.344, "g_religion": 0.619, "g_amenity_only": 0.037}}, {"type": "Feature", "geometry": {"type": "Polygon", "coordinates": [[[85.0, 20.0], [90.0, 20.0], [90.0, 25.0], [85.0, 25.0], [85.0, 20.0]]]}, "properties": {"n": 6186, "tagged_fraction": 0.935, "denom_fraction": 0.075, "g_denom": 0.045, "g_religion": 0.888, "g_amenity_only": 0.067}}, {"type": "Feature", "geometry": {"type": "Polygon", "coordinates": [[[-60.0, -20.0], [-55.0, -20.0], [-55.0, -15.0], [-60.0, -15.0], [-60.0, -20.0]]]}, "properties": {"n": 294, "tagged_fraction": 0.878, "denom_fraction": 0.429, "g_denom": 0.408, "g_religion": 0.456, "g_amenity_only": 0.136}}, {"type": "Feature", "geometry": {"type": "Polygon", "coordinates": [[[115.0, 0.0], [120.0, 0.0], [120.0, 5.0], [115.0, 5.0], [115.0, 0.0]]]}, "properties": {"n": 886, "tagged_fraction": 0.974, "denom_fraction": 0.096, "g_denom": 0.094, "g_religion": 0.88, "g_amenity_only": 0.026}}, {"type": "Feature", "geometry": {"type": "Polygon", "coordinates": [[[95.0, 20.0], [100.0, 20.0], [100.0, 25.0], [95.0, 25.0], [95.0, 20.0]]]}, "properties": {"n": 15776, "tagged_fraction": 0.946, "denom_fraction": 0.387, "g_denom": 0.38, "g_religion": 0.565, "g_amenity_only": 0.055}}, {"type": "Feature", "geometry": {"type": "Polygon", "coordinates": [[[5.0, 20.0], [10.0, 20.0], [10.0, 25.0], [5.0, 25.0], [5.0, 20.0]]]}, "properties": {"n": 31, "tagged_fraction": 1.0, "denom_fraction": 0.581, "g_denom": 0.581, "g_religion": 0.419, "g_amenity_only": 0.0}}, {"type": "Feature", "geometry": {"type": "Polygon", "coordinates": [[[140.0, 40.0], [145.0, 40.0], [145.0, 45.0], [140.0, 45.0], [140.0, 40.0]]]}, "properties": {"n": 4443, "tagged_fraction": 0.948, "denom_fraction": 0.118, "g_denom": 0.024, "g_religion": 0.912, "g_amenity_only": 0.064}}, {"type": "Feature", "geometry": {"type": "Polygon", "coordinates": [[[-85.0, 20.0], [-80.0, 20.0], [-80.0, 25.0], [-85.0, 25.0], [-85.0, 20.0]]]}, "properties": {"n": 755, "tagged_fraction": 0.686, "denom_fraction": 0.501, "g_denom": 0.483, "g_religion": 0.204, "g_amenity_only": 0.313}}, {"type": "Feature", "geometry": {"type": "Polygon", "coordinates": [[[75.0, 25.0], [80.0, 25.0], [80.0, 30.0], [75.0, 30.0], [75.0, 25.0]]]}, "properties": {"n": 3842, "tagged_fraction": 0.858, "denom_fraction": 0.065, "g_denom": 0.025, "g_religion": 0.83, "g_amenity_only": 0.145}}, {"type": "Feature", "geometry": {"type": "Polygon", "coordinates": [[[70.0, 5.0], [75.0, 5.0], [75.0, 10.0], [70.0, 10.0], [70.0, 5.0]]]}, "properties": {"n": 91, "tagged_fraction": 1.0, "denom_fraction": 0.121, "g_denom": 0.11, "g_religion": 0.89, "g_amenity_only": 0.0}}, {"type": "Feature", "geometry": {"type": "Polygon", "coordinates": [[[25.0, 0.0], [30.0, 0.0], [30.0, 5.0], [25.0, 5.0], [25.0, 0.0]]]}, "properties": {"n": 1168, "tagged_fraction": 0.877, "denom_fraction": 0.447, "g_denom": 0.439, "g_religion": 0.441, "g_amenity_only": 0.12}}, {"type": "Feature", "geometry": {"type": "Polygon", "coordinates": [[[-75.0, -40.0], [-70.0, -40.0], [-70.0, -35.0], [-75.0, -35.0], [-75.0, -40.0]]]}, "properties": {"n": 1263, "tagged_fraction": 0.847, "denom_fraction": 0.458, "g_denom": 0.438, "g_religion": 0.412, "g_amenity_only": 0.15}}, {"type": "Feature", "geometry": {"type": "Polygon", "coordinates": [[[45.0, 30.0], [50.0, 30.0], [50.0, 35.0], [45.0, 35.0], [45.0, 30.0]]]}, "properties": {"n": 2548, "tagged_fraction": 0.739, "denom_fraction": 0.202, "g_denom": 0.196, "g_religion": 0.55, "g_amenity_only": 0.254}}, {"type": "Feature", "geometry": {"type": "Polygon", "coordinates": [[[75.0, 35.0], [80.0, 35.0], [80.0, 40.0], [75.0, 40.0], [75.0, 35.0]]]}, "properties": {"n": 94, "tagged_fraction": 0.883, "denom_fraction": 0.181, "g_denom": 0.17, "g_religion": 0.713, "g_amenity_only": 0.117}}, {"type": "Feature", "geometry": {"type": "Polygon", "coordinates": [[[-40.0, -5.0], [-35.0, -5.0], [-35.0, 0.0], [-40.0, 0.0], [-40.0, -5.0]]]}, "properties": {"n": 1175, "tagged_fraction": 0.803, "denom_fraction": 0.491, "g_denom": 0.471, "g_religion": 0.328, "g_amenity_only": 0.202}}, {"type": "Feature", "geometry": {"type": "Polygon", "coordinates": [[[40.0, 35.0], [45.0, 35.0], [45.0, 40.0], [40.0, 40.0], [40.0, 35.0]]]}, "properties": {"n": 8745, "tagged_fraction": 0.886, "denom_fraction": 0.352, "g_denom": 0.342, "g_religion": 0.542, "g_amenity_only": 0.116}}, {"type": "Feature", "geometry": {"type": "Polygon", "coordinates": [[[100.0, 25.0], [105.0, 25.0], [105.0, 30.0], [100.0, 30.0], [100.0, 25.0]]]}, "properties": {"n": 1663, "tagged_fraction": 0.83, "denom_fraction": 0.055, "g_denom": 0.054, "g_religion": 0.592, "g_amenity_only": 0.354}}, {"type": "Feature", "geometry": {"type": "Polygon", "coordinates": [[[25.0, 50.0], [30.0, 50.0], [30.0, 55.0], [25.0, 55.0], [25.0, 50.0]]]}, "properties": {"n": 4031, "tagged_fraction": 0.958, "denom_fraction": 0.709, "g_denom": 0.593, "g_religion": 0.366, "g_amenity_only": 0.041}}, {"type": "Feature", "geometry": {"type": "Polygon", "coordinates": [[[-55.0, -35.0], [-50.0, -35.0], [-50.0, -30.0], [-55.0, -30.0], [-55.0, -35.0]]]}, "properties": {"n": 929, "tagged_fraction": 0.879, "denom_fraction": 0.516, "g_denom": 0.496, "g_religion": 0.381, "g_amenity_only": 0.123}}, {"type": "Feature", "geometry": {"type": "Polygon", "coordinates": [[[115.0, 35.0], [120.0, 35.0], [120.0, 40.0], [115.0, 40.0], [115.0, 35.0]]]}, "properties": {"n": 813, "tagged_fraction": 0.925, "denom_fraction": 0.06, "g_denom": 0.05, "g_religion": 0.835, "g_amenity_only": 0.114}}, {"type": "Feature", "geometry": {"type": "Polygon", "coordinates": [[[-110.0, 35.0], [-105.0, 35.0], [-105.0, 40.0], [-110.0, 40.0], [-110.0, 35.0]]]}, "properties": {"n": 1992, "tagged_fraction": 0.959, "denom_fraction": 0.511, "g_denom": 0.464, "g_religion": 0.489, "g_amenity_only": 0.047}}, {"type": "Feature", "geometry": {"type": "Polygon", "coordinates": [[[125.0, 10.0], [130.0, 10.0], [130.0, 15.0], [125.0, 15.0], [125.0, 10.0]]]}, "properties": {"n": 385, "tagged_fraction": 0.816, "denom_fraction": 0.558, "g_denom": 0.506, "g_religion": 0.306, "g_amenity_only": 0.187}}, {"type": "Feature", "geometry": {"type": "Polygon", "coordinates": [[[60.0, 35.0], [65.0, 35.0], [65.0, 40.0], [60.0, 40.0], [60.0, 35.0]]]}, "properties": {"n": 333, "tagged_fraction": 0.961, "denom_fraction": 0.405, "g_denom": 0.402, "g_religion": 0.559, "g_amenity_only": 0.039}}, {"type": "Feature", "geometry": {"type": "Polygon", "coordinates": [[[15.0, 25.0], [20.0, 25.0], [20.0, 30.0], [15.0, 30.0], [15.0, 25.0]]]}, "properties": {"n": 62, "tagged_fraction": 0.952, "denom_fraction": 0.113, "g_denom": 0.113, "g_religion": 0.839, "g_amenity_only": 0.048}}, {"type": "Feature", "geometry": {"type": "Polygon", "coordinates": [[[125.0, 25.0], [130.0, 25.0], [130.0, 30.0], [125.0, 30.0], [125.0, 25.0]]]}, "properties": {"n": 462, "tagged_fraction": 0.506, "denom_fraction": 0.065, "g_denom": 0.056, "g_religion": 0.413, "g_amenity_only": 0.53}}, {"type": "Feature", "geometry": {"type": "Polygon", "coordinates": [[[140.0, -40.0], [145.0, -40.0], [145.0, -35.0], [140.0, -35.0], [140.0, -40.0]]]}, "properties": {"n": 1023, "tagged_fraction": 0.963, "denom_fraction": 0.666, "g_denom": 0.614, "g_religion": 0.345, "g_amenity_only": 0.041}}, {"type": "Feature", "geometry": {"type": "Polygon", "coordinates": [[[25.0, 10.0], [30.0, 10.0], [30.0, 15.0], [25.0, 15.0], [25.0, 10.0]]]}, "properties": {"n": 127, "tagged_fraction": 0.921, "denom_fraction": 0.024, "g_denom": 0.024, "g_religion": 0.898, "g_amenity_only": 0.079}}, {"type": "Feature", "geometry": {"type": "Polygon", "coordinates": [[[80.0, 5.0], [85.0, 5.0], [85.0, 10.0], [80.0, 10.0], [80.0, 5.0]]]}, "properties": {"n": 7386, "tagged_fraction": 0.938, "denom_fraction": 0.056, "g_denom": 0.045, "g_religion": 0.893, "g_amenity_only": 0.062}}, {"type": "Feature", "geometry": {"type": "Polygon", "coordinates": [[[-20.0, 25.0], [-15.0, 25.0], [-15.0, 30.0], [-20.0, 30.0], [-20.0, 25.0]]]}, "properties": {"n": 851, "tagged_fraction": 0.976, "denom_fraction": 0.745, "g_denom": 0.741, "g_religion": 0.236, "g_amenity_only": 0.022}}, {"type": "Feature", "geometry": {"type": "Polygon", "coordinates": [[[-85.0, -5.0], [-80.0, -5.0], [-80.0, 0.0], [-85.0, 0.0], [-85.0, -5.0]]]}, "properties": {"n": 849, "tagged_fraction": 0.797, "denom_fraction": 0.628, "g_denom": 0.621, "g_religion": 0.184, "g_amenity_only": 0.196}}, {"type": "Feature", "geometry": {"type": "Polygon", "coordinates": [[[20.0, 60.0], [25.0, 60.0], [25.0, 65.0], [20.0, 65.0], [20.0, 60.0]]]}, "properties": {"n": 1321, "tagged_fraction": 0.974, "denom_fraction": 0.793, "g_denom": 0.71, "g_religion": 0.264, "g_amenity_only": 0.026}}, {"type": "Feature", "geometry": {"type": "Polygon", "coordinates": [[[-45.0, -20.0], [-40.0, -20.0], [-40.0, -15.0], [-45.0, -15.0], [-45.0, -20.0]]]}, "properties": {"n": 3482, "tagged_fraction": 0.914, "denom_fraction": 0.559, "g_denom": 0.535, "g_religion": 0.377, "g_amenity_only": 0.088}}, {"type": "Feature", "geometry": {"type": "Polygon", "coordinates": [[[45.0, -25.0], [50.0, -25.0], [50.0, -20.0], [45.0, -20.0], [45.0, -25.0]]]}, "properties": {"n": 478, "tagged_fraction": 0.849, "denom_fraction": 0.475, "g_denom": 0.454, "g_religion": 0.395, "g_amenity_only": 0.151}}, {"type": "Feature", "geometry": {"type": "Polygon", "coordinates": [[[45.0, -15.0], [50.0, -15.0], [50.0, -10.0], [45.0, -10.0], [45.0, -15.0]]]}, "properties": {"n": 327, "tagged_fraction": 0.951, "denom_fraction": 0.508, "g_denom": 0.498, "g_religion": 0.45, "g_amenity_only": 0.052}}, {"type": "Feature", "geometry": {"type": "Polygon", "coordinates": [[[-95.0, 30.0], [-90.0, 30.0], [-90.0, 35.0], [-95.0, 35.0], [-95.0, 30.0]]]}, "properties": {"n": 13308, "tagged_fraction": 0.985, "denom_fraction": 0.375, "g_denom": 0.364, "g_religion": 0.621, "g_amenity_only": 0.016}}, {"type": "Feature", "geometry": {"type": "Polygon", "coordinates": [[[35.0, 35.0], [40.0, 35.0], [40.0, 40.0], [35.0, 40.0], [35.0, 35.0]]]}, "properties": {"n": 8625, "tagged_fraction": 0.943, "denom_fraction": 0.547, "g_denom": 0.543, "g_religion": 0.4, "g_amenity_only": 0.058}}, {"type": "Feature", "geometry": {"type": "Polygon", "coordinates": [[[25.0, -5.0], [30.0, -5.0], [30.0, 0.0], [25.0, 0.0], [25.0, -5.0]]]}, "properties": {"n": 2109, "tagged_fraction": 0.936, "denom_fraction": 0.477, "g_denom": 0.459, "g_religion": 0.476, "g_amenity_only": 0.064}}, {"type": "Feature", "geometry": {"type": "Polygon", "coordinates": [[[30.0, 50.0], [35.0, 50.0], [35.0, 55.0], [30.0, 55.0], [30.0, 50.0]]]}, "properties": {"n": 2325, "tagged_fraction": 0.937, "denom_fraction": 0.654, "g_denom": 0.54, "g_religion": 0.399, "g_amenity_only": 0.061}}, {"type": "Feature", "geometry": {"type": "Polygon", "coordinates": [[[0.0, 45.0], [5.0, 45.0], [5.0, 50.0], [0.0, 50.0], [0.0, 45.0]]]}, "properties": {"n": 20160, "tagged_fraction": 0.996, "denom_fraction": 0.836, "g_denom": 0.832, "g_religion": 0.162, "g_amenity_only": 0.005}}, {"type": "Feature", "geometry": {"type": "Polygon", "coordinates": [[[25.0, 40.0], [30.0, 40.0], [30.0, 45.0], [25.0, 45.0], [25.0, 40.0]]]}, "properties": {"n": 10363, "tagged_fraction": 0.975, "denom_fraction": 0.637, "g_denom": 0.608, "g_religion": 0.368, "g_amenity_only": 0.024}}, {"type": "Feature", "geometry": {"type": "Polygon", "coordinates": [[[60.0, 30.0], [65.0, 30.0], [65.0, 35.0], [60.0, 35.0], [60.0, 30.0]]]}, "properties": {"n": 1194, "tagged_fraction": 0.994, "denom_fraction": 0.023, "g_denom": 0.023, "g_religion": 0.971, "g_amenity_only": 0.006}}, {"type": "Feature", "geometry": {"type": "Polygon", "coordinates": [[[45.0, 5.0], [50.0, 5.0], [50.0, 10.0], [45.0, 10.0], [45.0, 5.0]]]}, "properties": {"n": 191, "tagged_fraction": 0.953, "denom_fraction": 0.262, "g_denom": 0.257, "g_religion": 0.696, "g_amenity_only": 0.047}}, {"type": "Feature", "geometry": {"type": "Polygon", "coordinates": [[[-5.0, 40.0], [0.0, 40.0], [0.0, 45.0], [-5.0, 45.0], [-5.0, 40.0]]]}, "properties": {"n": 15904, "tagged_fraction": 0.987, "denom_fraction": 0.773, "g_denom": 0.77, "g_religion": 0.219, "g_amenity_only": 0.011}}, {"type": "Feature", "geometry": {"type": "Polygon", "coordinates": [[[-160.0, 15.0], [-155.0, 15.0], [-155.0, 20.0], [-160.0, 20.0], [-160.0, 15.0]]]}, "properties": {"n": 78, "tagged_fraction": 0.821, "denom_fraction": 0.372, "g_denom": 0.346, "g_religion": 0.538, "g_amenity_only": 0.115}}, {"type": "Feature", "geometry": {"type": "Polygon", "coordinates": [[[-10.0, 5.0], [-5.0, 5.0], [-5.0, 10.0], [-10.0, 10.0], [-10.0, 5.0]]]}, "properties": {"n": 2115, "tagged_fraction": 0.957, "denom_fraction": 0.318, "g_denom": 0.301, "g_religion": 0.656, "g_amenity_only": 0.043}}, {"type": "Feature", "geometry": {"type": "Polygon", "coordinates": [[[-90.0, 15.0], [-85.0, 15.0], [-85.0, 20.0], [-90.0, 20.0], [-90.0, 15.0]]]}, "properties": {"n": 1062, "tagged_fraction": 0.819, "denom_fraction": 0.455, "g_denom": 0.435, "g_religion": 0.392, "g_amenity_only": 0.173}}, {"type": "Feature", "geometry": {"type": "Polygon", "coordinates": [[[-15.0, 5.0], [-10.0, 5.0], [-10.0, 10.0], [-15.0, 10.0], [-15.0, 5.0]]]}, "properties": {"n": 1436, "tagged_fraction": 0.929, "denom_fraction": 0.155, "g_denom": 0.128, "g_religion": 0.802, "g_amenity_only": 0.07}}, {"type": "Feature", "geometry": {"type": "Polygon", "coordinates": [[[100.0, 30.0], [105.0, 30.0], [105.0, 35.0], [100.0, 35.0], [100.0, 30.0]]]}, "properties": {"n": 1331, "tagged_fraction": 0.909, "denom_fraction": 0.391, "g_denom": 0.379, "g_religion": 0.524, "g_amenity_only": 0.097}}, {"type": "Feature", "geometry": {"type": "Polygon", "coordinates": [[[35.0, -10.0], [40.0, -10.0], [40.0, -5.0], [35.0, -5.0], [35.0, -10.0]]]}, "properties": {"n": 2582, "tagged_fraction": 0.947, "denom_fraction": 0.216, "g_denom": 0.206, "g_religion": 0.741, "g_amenity_only": 0.053}}, {"type": "Feature", "geometry": {"type": "Polygon", "coordinates": [[[-5.0, 10.0], [0.0, 10.0], [0.0, 15.0], [-5.0, 15.0], [-5.0, 10.0]]]}, "properties": {"n": 3710, "tagged_fraction": 0.94, "denom_fraction": 0.077, "g_denom": 0.074, "g_religion": 0.867, "g_amenity_only": 0.059}}, {"type": "Feature", "geometry": {"type": "Polygon", "coordinates": [[[70.0, 35.0], [75.0, 35.0], [75.0, 40.0], [70.0, 40.0], [70.0, 35.0]]]}, "properties": {"n": 239, "tagged_fraction": 0.849, "denom_fraction": 0.297, "g_denom": 0.272, "g_religion": 0.573, "g_amenity_only": 0.155}}, {"type": "Feature", "geometry": {"type": "Polygon", "coordinates": [[[-105.0, 30.0], [-100.0, 30.0], [-100.0, 35.0], [-105.0, 35.0], [-105.0, 30.0]]]}, "properties": {"n": 1780, "tagged_fraction": 0.958, "denom_fraction": 0.558, "g_denom": 0.52, "g_religion": 0.438, "g_amenity_only": 0.042}}, {"type": "Feature", "geometry": {"type": "Polygon", "coordinates": [[[120.0, -15.0], [125.0, -15.0], [125.0, -10.0], [120.0, -10.0], [120.0, -15.0]]]}, "properties": {"n": 388, "tagged_fraction": 0.915, "denom_fraction": 0.552, "g_denom": 0.546, "g_religion": 0.366, "g_amenity_only": 0.088}}, {"type": "Feature", "geometry": {"type": "Polygon", "coordinates": [[[20.0, 55.0], [25.0, 55.0], [25.0, 60.0], [20.0, 60.0], [20.0, 55.0]]]}, "properties": {"n": 1299, "tagged_fraction": 0.988, "denom_fraction": 0.915, "g_denom": 0.869, "g_religion": 0.119, "g_amenity_only": 0.012}}, {"type": "Feature", "geometry": {"type": "Polygon", "coordinates": [[[-115.0, 40.0], [-110.0, 40.0], [-110.0, 45.0], [-115.0, 45.0], [-115.0, 40.0]]]}, "properties": {"n": 2537, "tagged_fraction": 0.986, "denom_fraction": 0.843, "g_denom": 0.679, "g_religion": 0.305, "g_amenity_only": 0.015}}, {"type": "Feature", "geometry": {"type": "Polygon", "coordinates": [[[25.0, 55.0], [30.0, 55.0], [30.0, 60.0], [25.0, 60.0], [25.0, 55.0]]]}, "properties": {"n": 1695, "tagged_fraction": 0.96, "denom_fraction": 0.818, "g_denom": 0.766, "g_religion": 0.194, "g_amenity_only": 0.04}}, {"type": "Feature", "geometry": {"type": "Polygon", "coordinates": [[[-105.0, 15.0], [-100.0, 15.0], [-100.0, 20.0], [-105.0, 20.0], [-105.0, 15.0]]]}, "properties": {"n": 773, "tagged_fraction": 0.877, "denom_fraction": 0.362, "g_denom": 0.356, "g_religion": 0.523, "g_amenity_only": 0.122}}, {"type": "Feature", "geometry": {"type": "Polygon", "coordinates": [[[-65.0, 10.0], [-60.0, 10.0], [-60.0, 15.0], [-65.0, 15.0], [-65.0, 10.0]]]}, "properties": {"n": 1326, "tagged_fraction": 0.91, "denom_fraction": 0.529, "g_denom": 0.502, "g_religion": 0.411, "g_amenity_only": 0.087}}, {"type": "Feature", "geometry": {"type": "Polygon", "coordinates": [[[-80.0, -15.0], [-75.0, -15.0], [-75.0, -10.0], [-80.0, -10.0], [-80.0, -15.0]]]}, "properties": {"n": 2072, "tagged_fraction": 0.931, "denom_fraction": 0.437, "g_denom": 0.431, "g_religion": 0.5, "g_amenity_only": 0.069}}, {"type": "Feature", "geometry": {"type": "Polygon", "coordinates": [[[15.0, -25.0], [20.0, -25.0], [20.0, -20.0], [15.0, -20.0], [15.0, -25.0]]]}, "properties": {"n": 209, "tagged_fraction": 0.88, "denom_fraction": 0.325, "g_denom": 0.254, "g_religion": 0.627, "g_amenity_only": 0.12}}, {"type": "Feature", "geometry": {"type": "Polygon", "coordinates": [[[-45.0, -10.0], [-40.0, -10.0], [-40.0, -5.0], [-45.0, -5.0], [-45.0, -10.0]]]}, "properties": {"n": 1263, "tagged_fraction": 0.826, "denom_fraction": 0.473, "g_denom": 0.458, "g_religion": 0.363, "g_amenity_only": 0.18}}, {"type": "Feature", "geometry": {"type": "Polygon", "coordinates": [[[90.0, 20.0], [95.0, 20.0], [95.0, 25.0], [90.0, 25.0], [90.0, 20.0]]]}, "properties": {"n": 14660, "tagged_fraction": 0.957, "denom_fraction": 0.303, "g_denom": 0.299, "g_religion": 0.658, "g_amenity_only": 0.044}}, {"type": "Feature", "geometry": {"type": "Polygon", "coordinates": [[[170.0, -45.0], [175.0, -45.0], [175.0, -40.0], [170.0, -40.0], [170.0, -45.0]]]}, "properties": {"n": 845, "tagged_fraction": 0.922, "denom_fraction": 0.751, "g_denom": 0.627, "g_religion": 0.288, "g_amenity_only": 0.085}}, {"type": "Feature", "geometry": {"type": "Polygon", "coordinates": [[[50.0, 55.0], [55.0, 55.0], [55.0, 60.0], [50.0, 60.0], [50.0, 55.0]]]}, "properties": {"n": 1258, "tagged_fraction": 0.966, "denom_fraction": 0.816, "g_denom": 0.804, "g_religion": 0.161, "g_amenity_only": 0.034}}, {"type": "Feature", "geometry": {"type": "Polygon", "coordinates": [[[-90.0, 40.0], [-85.0, 40.0], [-85.0, 45.0], [-90.0, 45.0], [-90.0, 40.0]]]}, "properties": {"n": 12859, "tagged_fraction": 0.973, "denom_fraction": 0.521, "g_denom": 0.467, "g_religion": 0.504, "g_amenity_only": 0.029}}, {"type": "Feature", "geometry": {"type": "Polygon", "coordinates": [[[-125.0, 45.0], [-120.0, 45.0], [-120.0, 50.0], [-125.0, 50.0], [-125.0, 45.0]]]}, "properties": {"n": 5684, "tagged_fraction": 0.969, "denom_fraction": 0.524, "g_denom": 0.439, "g_religion": 0.525, "g_amenity_only": 0.037}}, {"type": "Feature", "geometry": {"type": "Polygon", "coordinates": [[[-65.0, -30.0], [-60.0, -30.0], [-60.0, -25.0], [-65.0, -25.0], [-65.0, -30.0]]]}, "properties": {"n": 234, "tagged_fraction": 0.923, "denom_fraction": 0.393, "g_denom": 0.38, "g_religion": 0.543, "g_amenity_only": 0.077}}, {"type": "Feature", "geometry": {"type": "Polygon", "coordinates": [[[-20.0, 10.0], [-15.0, 10.0], [-15.0, 15.0], [-20.0, 15.0], [-20.0, 10.0]]]}, "properties": {"n": 2435, "tagged_fraction": 0.963, "denom_fraction": 0.119, "g_denom": 0.107, "g_religion": 0.855, "g_amenity_only": 0.037}}, {"type": "Feature", "geometry": {"type": "Polygon", "coordinates": [[[65.0, 40.0], [70.0, 40.0], [70.0, 45.0], [65.0, 45.0], [65.0, 40.0]]]}, "properties": {"n": 1214, "tagged_fraction": 0.978, "denom_fraction": 0.792, "g_denom": 0.79, "g_religion": 0.188, "g_amenity_only": 0.022}}, {"type": "Feature", "geometry": {"type": "Polygon", "coordinates": [[[-30.0, 15.0], [-25.0, 15.0], [-25.0, 20.0], [-30.0, 20.0], [-30.0, 15.0]]]}, "properties": {"n": 42, "tagged_fraction": 1.0, "denom_fraction": 0.524, "g_denom": 0.524, "g_religion": 0.476, "g_amenity_only": 0.0}}, {"type": "Feature", "geometry": {"type": "Polygon", "coordinates": [[[-125.0, 40.0], [-120.0, 40.0], [-120.0, 45.0], [-125.0, 45.0], [-125.0, 40.0]]]}, "properties": {"n": 1310, "tagged_fraction": 0.947, "denom_fraction": 0.527, "g_denom": 0.463, "g_religion": 0.483, "g_amenity_only": 0.054}}, {"type": "Feature", "geometry": {"type": "Polygon", "coordinates": [[[105.0, 10.0], [110.0, 10.0], [110.0, 15.0], [105.0, 15.0], [105.0, 10.0]]]}, "properties": {"n": 5160, "tagged_fraction": 0.848, "denom_fraction": 0.176, "g_denom": 0.151, "g_religion": 0.527, "g_amenity_only": 0.322}}, {"type": "Feature", "geometry": {"type": "Polygon", "coordinates": [[[-95.0, 10.0], [-90.0, 10.0], [-90.0, 15.0], [-95.0, 15.0], [-95.0, 10.0]]]}, "properties": {"n": 1289, "tagged_fraction": 0.841, "denom_fraction": 0.376, "g_denom": 0.368, "g_religion": 0.468, "g_amenity_only": 0.164}}, {"type": "Feature", "geometry": {"type": "Polygon", "coordinates": [[[-75.0, -20.0], [-70.0, -20.0], [-70.0, -15.0], [-75.0, -15.0], [-75.0, -20.0]]]}, "properties": {"n": 587, "tagged_fraction": 0.917, "denom_fraction": 0.482, "g_denom": 0.475, "g_religion": 0.443, "g_amenity_only": 0.082}}, {"type": "Feature", "geometry": {"type": "Polygon", "coordinates": [[[45.0, 45.0], [50.0, 45.0], [50.0, 50.0], [45.0, 50.0], [45.0, 45.0]]]}, "properties": {"n": 156, "tagged_fraction": 0.872, "denom_fraction": 0.34, "g_denom": 0.327, "g_religion": 0.545, "g_amenity_only": 0.128}}, {"type": "Feature", "geometry": {"type": "Polygon", "coordinates": [[[25.0, -30.0], [30.0, -30.0], [30.0, -25.0], [25.0, -25.0], [25.0, -30.0]]]}, "properties": {"n": 1700, "tagged_fraction": 0.943, "denom_fraction": 0.394, "g_denom": 0.304, "g_religion": 0.639, "g_amenity_only": 0.058}}, {"type": "Feature", "geometry": {"type": "Polygon", "coordinates": [[[-60.0, -5.0], [-55.0, -5.0], [-55.0, 0.0], [-60.0, 0.0], [-60.0, -5.0]]]}, "properties": {"n": 326, "tagged_fraction": 0.871, "denom_fraction": 0.512, "g_denom": 0.463, "g_religion": 0.411, "g_amenity_only": 0.126}}, {"type": "Feature", "geometry": {"type": "Polygon", "coordinates": [[[-60.0, -40.0], [-55.0, -40.0], [-55.0, -35.0], [-60.0, -35.0], [-60.0, -40.0]]]}, "properties": {"n": 303, "tagged_fraction": 0.865, "denom_fraction": 0.498, "g_denom": 0.492, "g_religion": 0.373, "g_amenity_only": 0.135}}, {"type": "Feature", "geometry": {"type": "Polygon", "coordinates": [[[-80.0, 5.0], [-75.0, 5.0], [-75.0, 10.0], [-80.0, 10.0], [-80.0, 5.0]]]}, "properties": {"n": 1777, "tagged_fraction": 0.869, "denom_fraction": 0.546, "g_denom": 0.526, "g_religion": 0.344, "g_amenity_only": 0.13}}, {"type": "Feature", "geometry": {"type": "Polygon", "coordinates": [[[70.0, 40.0], [75.0, 40.0], [75.0, 45.0], [70.0, 45.0], [70.0, 40.0]]]}, "properties": {"n": 1350, "tagged_fraction": 0.962, "denom_fraction": 0.308, "g_denom": 0.301, "g_religion": 0.661, "g_amenity_only": 0.038}}, {"type": "Feature", "geometry": {"type": "Polygon", "coordinates": [[[0.0, 30.0], [5.0, 30.0], [5.0, 35.0], [0.0, 35.0], [0.0, 30.0]]]}, "properties": {"n": 562, "tagged_fraction": 0.938, "denom_fraction": 0.326, "g_denom": 0.302, "g_religion": 0.639, "g_amenity_only": 0.059}}, {"type": "Feature", "geometry": {"type": "Polygon", "coordinates": [[[-80.0, 45.0], [-75.0, 45.0], [-75.0, 50.0], [-80.0, 50.0], [-80.0, 45.0]]]}, "properties": {"n": 1142, "tagged_fraction": 0.884, "denom_fraction": 0.563, "g_denom": 0.533, "g_religion": 0.345, "g_amenity_only": 0.122}}, {"type": "Feature", "geometry": {"type": "Polygon", "coordinates": [[[-20.0, 15.0], [-15.0, 15.0], [-15.0, 20.0], [-20.0, 20.0], [-20.0, 15.0]]]}, "properties": {"n": 1231, "tagged_fraction": 0.924, "denom_fraction": 0.22, "g_denom": 0.219, "g_religion": 0.705, "g_amenity_only": 0.076}}, {"type": "Feature", "geometry": {"type": "Polygon", "coordinates": [[[30.0, -15.0], [35.0, -15.0], [35.0, -10.0], [30.0, -10.0], [30.0, -15.0]]]}, "properties": {"n": 273, "tagged_fraction": 0.689, "denom_fraction": 0.381, "g_denom": 0.337, "g_religion": 0.359, "g_amenity_only": 0.304}}, {"type": "Feature", "geometry": {"type": "Polygon", "coordinates": [[[-95.0, 25.0], [-90.0, 25.0], [-90.0, 30.0], [-95.0, 30.0], [-95.0, 25.0]]]}, "properties": {"n": 1276, "tagged_fraction": 0.98, "denom_fraction": 0.612, "g_denom": 0.596, "g_religion": 0.382, "g_amenity_only": 0.021}}, {"type": "Feature", "geometry": {"type": "Polygon", "coordinates": [[[30.0, 55.0], [35.0, 55.0], [35.0, 60.0], [30.0, 60.0], [30.0, 55.0]]]}, "properties": {"n": 1424, "tagged_fraction": 0.938, "denom_fraction": 0.737, "g_denom": 0.725, "g_religion": 0.214, "g_amenity_only": 0.061}}, {"type": "Feature", "geometry": {"type": "Polygon", "coordinates": [[[100.0, 15.0], [105.0, 15.0], [105.0, 20.0], [100.0, 20.0], [100.0, 15.0]]]}, "properties": {"n": 12269, "tagged_fraction": 0.748, "denom_fraction": 0.009, "g_denom": 0.009, "g_religion": 0.739, "g_amenity_only": 0.253}}, {"type": "Feature", "geometry": {"type": "Polygon", "coordinates": [[[10.0, 5.0], [15.0, 5.0], [15.0, 10.0], [10.0, 10.0], [10.0, 5.0]]]}, "properties": {"n": 1513, "tagged_fraction": 0.941, "denom_fraction": 0.253, "g_denom": 0.247, "g_religion": 0.683, "g_amenity_only": 0.069}}, {"type": "Feature", "geometry": {"type": "Polygon", "coordinates": [[[10.0, -25.0], [15.0, -25.0], [15.0, -20.0], [10.0, -20.0], [10.0, -25.0]]]}, "properties": {"n": 49, "tagged_fraction": 0.959, "denom_fraction": 0.347, "g_denom": 0.306, "g_religion": 0.653, "g_amenity_only": 0.041}}, {"type": "Feature", "geometry": {"type": "Polygon", "coordinates": [[[110.0, -5.0], [115.0, -5.0], [115.0, 0.0], [110.0, 0.0], [110.0, -5.0]]]}, "properties": {"n": 2128, "tagged_fraction": 0.985, "denom_fraction": 0.097, "g_denom": 0.094, "g_religion": 0.889, "g_amenity_only": 0.016}}, {"type": "Feature", "geometry": {"type": "Polygon", "coordinates": [[[5.0, 60.0], [10.0, 60.0], [10.0, 65.0], [5.0, 65.0], [5.0, 60.0]]]}, "properties": {"n": 648, "tagged_fraction": 0.988, "denom_fraction": 0.924, "g_denom": 0.912, "g_religion": 0.076, "g_amenity_only": 0.012}}, {"type": "Feature", "geometry": {"type": "Polygon", "coordinates": [[[40.0, 45.0], [45.0, 45.0], [45.0, 50.0], [40.0, 50.0], [40.0, 45.0]]]}, "properties": {"n": 584, "tagged_fraction": 0.851, "denom_fraction": 0.478, "g_denom": 0.455, "g_religion": 0.406, "g_amenity_only": 0.139}}, {"type": "Feature", "geometry": {"type": "Polygon", "coordinates": [[[15.0, 35.0], [20.0, 35.0], [20.0, 40.0], [15.0, 40.0], [15.0, 35.0]]]}, "properties": {"n": 3968, "tagged_fraction": 0.971, "denom_fraction": 0.685, "g_denom": 0.682, "g_religion": 0.294, "g_amenity_only": 0.024}}, {"type": "Feature", "geometry": {"type": "Polygon", "coordinates": [[[20.0, -10.0], [25.0, -10.0], [25.0, -5.0], [20.0, -5.0], [20.0, -10.0]]]}, "properties": {"n": 140, "tagged_fraction": 0.843, "denom_fraction": 0.343, "g_denom": 0.307, "g_religion": 0.536, "g_amenity_only": 0.157}}, {"type": "Feature", "geometry": {"type": "Polygon", "coordinates": [[[-80.0, 15.0], [-75.0, 15.0], [-75.0, 20.0], [-80.0, 20.0], [-80.0, 15.0]]]}, "properties": {"n": 786, "tagged_fraction": 0.925, "denom_fraction": 0.316, "g_denom": 0.285, "g_religion": 0.641, "g_amenity_only": 0.074}}, {"type": "Feature", "geometry": {"type": "Polygon", "coordinates": [[[-110.0, 45.0], [-105.0, 45.0], [-105.0, 50.0], [-110.0, 50.0], [-110.0, 45.0]]]}, "properties": {"n": 561, "tagged_fraction": 0.948, "denom_fraction": 0.558, "g_denom": 0.538, "g_religion": 0.41, "g_amenity_only": 0.052}}, {"type": "Feature", "geometry": {"type": "Polygon", "coordinates": [[[95.0, 30.0], [100.0, 30.0], [100.0, 35.0], [95.0, 35.0], [95.0, 30.0]]]}, "properties": {"n": 1380, "tagged_fraction": 0.982, "denom_fraction": 0.509, "g_denom": 0.507, "g_religion": 0.475, "g_amenity_only": 0.018}}, {"type": "Feature", "geometry": {"type": "Polygon", "coordinates": [[[10.0, 0.0], [15.0, 0.0], [15.0, 5.0], [10.0, 5.0], [10.0, 0.0]]]}, "properties": {"n": 958, "tagged_fraction": 0.864, "denom_fraction": 0.404, "g_denom": 0.372, "g_religion": 0.493, "g_amenity_only": 0.136}}, {"type": "Feature", "geometry": {"type": "Polygon", "coordinates": [[[5.0, 55.0], [10.0, 55.0], [10.0, 60.0], [5.0, 60.0], [5.0, 55.0]]]}, "properties": {"n": 1961, "tagged_fraction": 0.99, "denom_fraction": 0.901, "g_denom": 0.884, "g_religion": 0.104, "g_amenity_only": 0.012}}, {"type": "Feature", "geometry": {"type": "Polygon", "coordinates": [[[-75.0, 45.0], [-70.0, 45.0], [-70.0, 50.0], [-75.0, 50.0], [-75.0, 45.0]]]}, "properties": {"n": 2442, "tagged_fraction": 0.906, "denom_fraction": 0.461, "g_denom": 0.444, "g_religion": 0.458, "g_amenity_only": 0.098}}, {"type": "Feature", "geometry": {"type": "Polygon", "coordinates": [[[-50.0, -20.0], [-45.0, -20.0], [-45.0, -15.0], [-50.0, -15.0], [-50.0, -20.0]]]}, "properties": {"n": 2602, "tagged_fraction": 0.812, "denom_fraction": 0.411, "g_denom": 0.379, "g_religion": 0.422, "g_amenity_only": 0.199}}, {"type": "Feature", "geometry": {"type": "Polygon", "coordinates": [[[50.0, 50.0], [55.0, 50.0], [55.0, 55.0], [50.0, 55.0], [50.0, 50.0]]]}, "properties": {"n": 926, "tagged_fraction": 0.977, "denom_fraction": 0.74, "g_denom": 0.737, "g_religion": 0.242, "g_amenity_only": 0.022}}, {"type": "Feature", "geometry": {"type": "Polygon", "coordinates": [[[-50.0, -30.0], [-45.0, -30.0], [-45.0, -25.0], [-50.0, -25.0], [-50.0, -30.0]]]}, "properties": {"n": 3937, "tagged_fraction": 0.965, "denom_fraction": 0.788, "g_denom": 0.757, "g_religion": 0.206, "g_amenity_only": 0.037}}, {"type": "Feature", "geometry": {"type": "Polygon", "coordinates": [[[115.0, 40.0], [120.0, 40.0], [120.0, 45.0], [115.0, 45.0], [115.0, 40.0]]]}, "properties": {"n": 574, "tagged_fraction": 0.934, "denom_fraction": 0.021, "g_denom": 0.021, "g_religion": 0.841, "g_amenity_only": 0.138}}, {"type": "Feature", "geometry": {"type": "Polygon", "coordinates": [[[-45.0, -5.0], [-40.0, -5.0], [-40.0, 0.0], [-45.0, 0.0], [-45.0, -5.0]]]}, "properties": {"n": 882, "tagged_fraction": 0.887, "denom_fraction": 0.45, "g_denom": 0.431, "g_religion": 0.443, "g_amenity_only": 0.126}}, {"type": "Feature", "geometry": {"type": "Polygon", "coordinates": [[[-10.0, 25.0], [-5.0, 25.0], [-5.0, 30.0], [-10.0, 30.0], [-10.0, 25.0]]]}, "properties": {"n": 138, "tagged_fraction": 0.913, "denom_fraction": 0.13, "g_denom": 0.13, "g_religion": 0.797, "g_amenity_only": 0.072}}, {"type": "Feature", "geometry": {"type": "Polygon", "coordinates": [[[10.0, 10.0], [15.0, 10.0], [15.0, 15.0], [10.0, 15.0], [10.0, 10.0]]]}, "properties": {"n": 489, "tagged_fraction": 0.761, "denom_fraction": 0.121, "g_denom": 0.108, "g_religion": 0.652, "g_amenity_only": 0.239}}, {"type": "Feature", "geometry": {"type": "Polygon", "coordinates": [[[30.0, 35.0], [35.0, 35.0], [35.0, 40.0], [30.0, 40.0], [30.0, 35.0]]]}, "properties": {"n": 10140, "tagged_fraction": 0.993, "denom_fraction": 0.6, "g_denom": 0.598, "g_religion": 0.395, "g_amenity_only": 0.007}}, {"type": "Feature", "geometry": {"type": "Polygon", "coordinates": [[[-65.0, -20.0], [-60.0, -20.0], [-60.0, -15.0], [-65.0, -15.0], [-65.0, -20.0]]]}, "properties": {"n": 492, "tagged_fraction": 0.817, "denom_fraction": 0.547, "g_denom": 0.53, "g_religion": 0.303, "g_amenity_only": 0.167}}, {"type": "Feature", "geometry": {"type": "Polygon", "coordinates": [[[-100.0, 20.0], [-95.0, 20.0], [-95.0, 25.0], [-100.0, 25.0], [-100.0, 20.0]]]}, "properties": {"n": 1182, "tagged_fraction": 0.854, "denom_fraction": 0.497, "g_denom": 0.489, "g_religion": 0.365, "g_amenity_only": 0.146}}, {"type": "Feature", "geometry": {"type": "Polygon", "coordinates": [[[-60.0, 5.0], [-55.0, 5.0], [-55.0, 10.0], [-60.0, 10.0], [-60.0, 5.0]]]}, "properties": {"n": 585, "tagged_fraction": 0.88, "denom_fraction": 0.333, "g_denom": 0.303, "g_religion": 0.583, "g_amenity_only": 0.115}}, {"type": "Feature", "geometry": {"type": "Polygon", "coordinates": [[[-15.0, 15.0], [-10.0, 15.0], [-10.0, 20.0], [-15.0, 20.0], [-15.0, 15.0]]]}, "properties": {"n": 379, "tagged_fraction": 0.971, "denom_fraction": 0.259, "g_denom": 0.237, "g_religion": 0.734, "g_amenity_only": 0.029}}, {"type": "Feature", "geometry": {"type": "Polygon", "coordinates": [[[-15.0, 10.0], [-10.0, 10.0], [-10.0, 15.0], [-15.0, 15.0], [-15.0, 10.0]]]}, "properties": {"n": 859, "tagged_fraction": 0.92, "denom_fraction": 0.068, "g_denom": 0.058, "g_religion": 0.861, "g_amenity_only": 0.08}}, {"type": "Feature", "geometry": {"type": "Polygon", "coordinates": [[[170.0, -40.0], [175.0, -40.0], [175.0, -35.0], [170.0, -35.0], [170.0, -40.0]]]}, "properties": {"n": 1240, "tagged_fraction": 0.92, "denom_fraction": 0.732, "g_denom": 0.627, "g_religion": 0.297, "g_amenity_only": 0.077}}, {"type": "Feature", "geometry": {"type": "Polygon", "coordinates": [[[45.0, 20.0], [50.0, 20.0], [50.0, 25.0], [45.0, 25.0], [45.0, 20.0]]]}, "properties": {"n": 2820, "tagged_fraction": 0.999, "denom_fraction": 0.117, "g_denom": 0.117, "g_religion": 0.882, "g_amenity_only": 0.001}}, {"type": "Feature", "geometry": {"type": "Polygon", "coordinates": [[[105.0, 20.0], [110.0, 20.0], [110.0, 25.0], [105.0, 25.0], [105.0, 20.0]]]}, "properties": {"n": 2333, "tagged_fraction": 0.619, "denom_fraction": 0.064, "g_denom": 0.059, "g_religion": 0.408, "g_amenity_only": 0.533}}, {"type": "Feature", "geometry": {"type": "Polygon", "coordinates": [[[-70.0, 45.0], [-65.0, 45.0], [-65.0, 50.0], [-70.0, 50.0], [-70.0, 45.0]]]}, "properties": {"n": 1517, "tagged_fraction": 0.616, "denom_fraction": 0.332, "g_denom": 0.318, "g_religion": 0.299, "g_amenity_only": 0.383}}, {"type": "Feature", "geometry": {"type": "Polygon", "coordinates": [[[-60.0, -25.0], [-55.0, -25.0], [-55.0, -20.0], [-60.0, -20.0], [-60.0, -25.0]]]}, "properties": {"n": 208, "tagged_fraction": 0.808, "denom_fraction": 0.351, "g_denom": 0.332, "g_religion": 0.476, "g_amenity_only": 0.192}}, {"type": "Feature", "geometry": {"type": "Polygon", "coordinates": [[[95.0, 0.0], [100.0, 0.0], [100.0, 5.0], [95.0, 5.0], [95.0, 0.0]]]}, "properties": {"n": 2982, "tagged_fraction": 0.894, "denom_fraction": 0.183, "g_denom": 0.182, "g_religion": 0.708, "g_amenity_only": 0.109}}, {"type": "Feature", "geometry": {"type": "Polygon", "coordinates": [[[40.0, 15.0], [45.0, 15.0], [45.0, 20.0], [40.0, 20.0], [40.0, 15.0]]]}, "properties": {"n": 1845, "tagged_fraction": 0.985, "denom_fraction": 0.091, "g_denom": 0.09, "g_religion": 0.895, "g_amenity_only": 0.015}}, {"type": "Feature", "geometry": {"type": "Polygon", "coordinates": [[[15.0, 30.0], [20.0, 30.0], [20.0, 35.0], [15.0, 35.0], [15.0, 30.0]]]}, "properties": {"n": 477, "tagged_fraction": 0.828, "denom_fraction": 0.159, "g_denom": 0.159, "g_religion": 0.669, "g_amenity_only": 0.172}}, {"type": "Feature", "geometry": {"type": "Polygon", "coordinates": [[[85.0, 50.0], [90.0, 50.0], [90.0, 55.0], [85.0, 55.0], [85.0, 50.0]]]}, "properties": {"n": 203, "tagged_fraction": 0.798, "denom_fraction": 0.404, "g_denom": 0.389, "g_religion": 0.404, "g_amenity_only": 0.207}}, {"type": "Feature", "geometry": {"type": "Polygon", "coordinates": [[[-65.0, -40.0], [-60.0, -40.0], [-60.0, -35.0], [-65.0, -35.0], [-65.0, -40.0]]]}, "properties": {"n": 412, "tagged_fraction": 0.898, "denom_fraction": 0.461, "g_denom": 0.454, "g_religion": 0.447, "g_amenity_only": 0.1}}, {"type": "Feature", "geometry": {"type": "Polygon", "coordinates": [[[45.0, 25.0], [50.0, 25.0], [50.0, 30.0], [45.0, 30.0], [45.0, 25.0]]]}, "properties": {"n": 3081, "tagged_fraction": 0.994, "denom_fraction": 0.614, "g_denom": 0.613, "g_religion": 0.38, "g_amenity_only": 0.006}}, {"type": "Feature", "geometry": {"type": "Polygon", "coordinates": [[[-110.0, 40.0], [-105.0, 40.0], [-105.0, 45.0], [-110.0, 45.0], [-110.0, 40.0]]]}, "properties": {"n": 554, "tagged_fraction": 0.953, "denom_fraction": 0.606, "g_denom": 0.522, "g_religion": 0.422, "g_amenity_only": 0.056}}, {"type": "Feature", "geometry": {"type": "Polygon", "coordinates": [[[150.0, -30.0], [155.0, -30.0], [155.0, -25.0], [150.0, -25.0], [150.0, -30.0]]]}, "properties": {"n": 1246, "tagged_fraction": 0.971, "denom_fraction": 0.739, "g_denom": 0.674, "g_religion": 0.293, "g_amenity_only": 0.033}}, {"type": "Feature", "geometry": {"type": "Polygon", "coordinates": [[[25.0, 30.0], [30.0, 30.0], [30.0, 35.0], [25.0, 35.0], [25.0, 30.0]]]}, "properties": {"n": 345, "tagged_fraction": 0.957, "denom_fraction": 0.47, "g_denom": 0.467, "g_religion": 0.49, "g_amenity_only": 0.043}}, {"type": "Feature", "geometry": {"type": "Polygon", "coordinates": [[[35.0, -20.0], [40.0, -20.0], [40.0, -15.0], [35.0, -15.0], [35.0, -20.0]]]}, "properties": {"n": 323, "tagged_fraction": 0.796, "denom_fraction": 0.415, "g_denom": 0.368, "g_religion": 0.43, "g_amenity_only": 0.201}}, {"type": "Feature", "geometry": {"type": "Polygon", "coordinates": [[[90.0, 50.0], [95.0, 50.0], [95.0, 55.0], [90.0, 55.0], [90.0, 50.0]]]}, "properties": {"n": 104, "tagged_fraction": 0.885, "denom_fraction": 0.279, "g_denom": 0.26, "g_religion": 0.615, "g_amenity_only": 0.125}}, {"type": "Feature", "geometry": {"type": "Polygon", "coordinates": [[[55.0, 30.0], [60.0, 30.0], [60.0, 35.0], [55.0, 35.0], [55.0, 30.0]]]}, "properties": {"n": 591, "tagged_fraction": 0.905, "denom_fraction": 0.274, "g_denom": 0.271, "g_religion": 0.646, "g_amenity_only": 0.083}}, {"type": "Feature", "geometry": {"type": "Polygon", "coordinates": [[[105.0, 45.0], [110.0, 45.0], [110.0, 50.0], [105.0, 50.0], [105.0, 45.0]]]}, "properties": {"n": 149, "tagged_fraction": 0.597, "denom_fraction": 0.094, "g_denom": 0.074, "g_religion": 0.483, "g_amenity_only": 0.443}}, {"type": "Feature", "geometry": {"type": "Polygon", "coordinates": [[[90.0, 35.0], [95.0, 35.0], [95.0, 40.0], [90.0, 40.0], [90.0, 35.0]]]}, "properties": {"n": 5, "tagged_fraction": 0.6, "denom_fraction": 0.0, "g_denom": 0.0, "g_religion": 0.6, "g_amenity_only": 0.4}}, {"type": "Feature", "geometry": {"type": "Polygon", "coordinates": [[[15.0, -5.0], [20.0, -5.0], [20.0, 0.0], [15.0, 0.0], [15.0, -5.0]]]}, "properties": {"n": 1878, "tagged_fraction": 0.814, "denom_fraction": 0.137, "g_denom": 0.121, "g_religion": 0.691, "g_amenity_only": 0.188}}, {"type": "Feature", "geometry": {"type": "Polygon", "coordinates": [[[-175.0, -15.0], [-170.0, -15.0], [-170.0, -10.0], [-175.0, -10.0], [-175.0, -15.0]]]}, "properties": {"n": 769, "tagged_fraction": 0.362, "denom_fraction": 0.043, "g_denom": 0.034, "g_religion": 0.333, "g_amenity_only": 0.633}}, {"type": "Feature", "geometry": {"type": "Polygon", "coordinates": [[[-35.0, -10.0], [-30.0, -10.0], [-30.0, -5.0], [-35.0, -5.0], [-35.0, -10.0]]]}, "properties": {"n": 700, "tagged_fraction": 0.88, "denom_fraction": 0.5, "g_denom": 0.474, "g_religion": 0.399, "g_amenity_only": 0.127}}, {"type": "Feature", "geometry": {"type": "Polygon", "coordinates": [[[-70.0, -25.0], [-65.0, -25.0], [-65.0, -20.0], [-70.0, -20.0], [-70.0, -25.0]]]}, "properties": {"n": 579, "tagged_fraction": 0.872, "denom_fraction": 0.399, "g_denom": 0.397, "g_religion": 0.475, "g_amenity_only": 0.128}}, {"type": "Feature", "geometry": {"type": "Polygon", "coordinates": [[[35.0, 40.0], [40.0, 40.0], [40.0, 45.0], [35.0, 45.0], [35.0, 40.0]]]}, "properties": {"n": 6027, "tagged_fraction": 0.986, "denom_fraction": 0.65, "g_denom": 0.648, "g_religion": 0.337, "g_amenity_only": 0.015}}, {"type": "Feature", "geometry": {"type": "Polygon", "coordinates": [[[-110.0, 20.0], [-105.0, 20.0], [-105.0, 25.0], [-110.0, 25.0], [-110.0, 20.0]]]}, "properties": {"n": 219, "tagged_fraction": 0.785, "denom_fraction": 0.434, "g_denom": 0.388, "g_religion": 0.397, "g_amenity_only": 0.215}}, {"type": "Feature", "geometry": {"type": "Polygon", "coordinates": [[[0.0, 25.0], [5.0, 25.0], [5.0, 30.0], [0.0, 30.0], [0.0, 25.0]]]}, "properties": {"n": 95, "tagged_fraction": 0.989, "denom_fraction": 0.663, "g_denom": 0.663, "g_religion": 0.326, "g_amenity_only": 0.011}}, {"type": "Feature", "geometry": {"type": "Polygon", "coordinates": [[[-65.0, 5.0], [-60.0, 5.0], [-60.0, 10.0], [-65.0, 10.0], [-65.0, 5.0]]]}, "properties": {"n": 366, "tagged_fraction": 0.973, "denom_fraction": 0.858, "g_denom": 0.855, "g_religion": 0.117, "g_amenity_only": 0.027}}, {"type": "Feature", "geometry": {"type": "Polygon", "coordinates": [[[-40.0, -15.0], [-35.0, -15.0], [-35.0, -10.0], [-40.0, -10.0], [-40.0, -15.0]]]}, "properties": {"n": 2456, "tagged_fraction": 0.833, "denom_fraction": 0.538, "g_denom": 0.471, "g_religion": 0.33, "g_amenity_only": 0.199}}, {"type": "Feature", "geometry": {"type": "Polygon", "coordinates": [[[-80.0, -10.0], [-75.0, -10.0], [-75.0, -5.0], [-80.0, -5.0], [-80.0, -10.0]]]}, "properties": {"n": 1465, "tagged_fraction": 0.943, "denom_fraction": 0.332, "g_denom": 0.328, "g_religion": 0.616, "g_amenity_only": 0.056}}, {"type": "Feature", "geometry": {"type": "Polygon", "coordinates": [[[-45.0, -15.0], [-40.0, -15.0], [-40.0, -10.0], [-45.0, -10.0], [-45.0, -15.0]]]}, "properties": {"n": 1249, "tagged_fraction": 0.9, "denom_fraction": 0.446, "g_denom": 0.434, "g_religion": 0.465, "g_amenity_only": 0.101}}, {"type": "Feature", "geometry": {"type": "Polygon", "coordinates": [[[-75.0, -15.0], [-70.0, -15.0], [-70.0, -10.0], [-75.0, -10.0], [-75.0, -15.0]]]}, "properties": {"n": 641, "tagged_fraction": 0.894, "denom_fraction": 0.374, "g_denom": 0.37, "g_religion": 0.502, "g_amenity_only": 0.128}}, {"type": "Feature", "geometry": {"type": "Polygon", "coordinates": [[[25.0, -25.0], [30.0, -25.0], [30.0, -20.0], [25.0, -20.0], [25.0, -25.0]]]}, "properties": {"n": 410, "tagged_fraction": 0.871, "denom_fraction": 0.332, "g_denom": 0.295, "g_religion": 0.571, "g_amenity_only": 0.134}}, {"type": "Feature", "geometry": {"type": "Polygon", "coordinates": [[[60.0, 55.0], [65.0, 55.0], [65.0, 60.0], [60.0, 60.0], [60.0, 55.0]]]}, "properties": {"n": 631, "tagged_fraction": 0.949, "denom_fraction": 0.758, "g_denom": 0.748, "g_religion": 0.203, "g_amenity_only": 0.049}}, {"type": "Feature", "geometry": {"type": "Polygon", "coordinates": [[[-75.0, -10.0], [-70.0, -10.0], [-70.0, -5.0], [-75.0, -5.0], [-75.0, -10.0]]]}, "properties": {"n": 44, "tagged_fraction": 0.75, "denom_fraction": 0.455, "g_denom": 0.455, "g_religion": 0.295, "g_amenity_only": 0.25}}, {"type": "Feature", "geometry": {"type": "Polygon", "coordinates": [[[-5.0, 45.0], [0.0, 45.0], [0.0, 50.0], [-5.0, 50.0], [-5.0, 45.0]]]}, "properties": {"n": 8377, "tagged_fraction": 0.997, "denom_fraction": 0.857, "g_denom": 0.854, "g_religion": 0.142, "g_amenity_only": 0.004}}, {"type": "Feature", "geometry": {"type": "Polygon", "coordinates": [[[-120.0, 40.0], [-115.0, 40.0], [-115.0, 45.0], [-120.0, 45.0], [-120.0, 40.0]]]}, "properties": {"n": 501, "tagged_fraction": 0.978, "denom_fraction": 0.629, "g_denom": 0.551, "g_religion": 0.427, "g_amenity_only": 0.022}}, {"type": "Feature", "geometry": {"type": "Polygon", "coordinates": [[[-115.0, 45.0], [-110.0, 45.0], [-110.0, 50.0], [-115.0, 50.0], [-115.0, 45.0]]]}, "properties": {"n": 1028, "tagged_fraction": 0.973, "denom_fraction": 0.538, "g_denom": 0.51, "g_religion": 0.463, "g_amenity_only": 0.027}}, {"type": "Feature", "geometry": {"type": "Polygon", "coordinates": [[[40.0, 10.0], [45.0, 10.0], [45.0, 15.0], [40.0, 15.0], [40.0, 10.0]]]}, "properties": {"n": 1174, "tagged_fraction": 0.948, "denom_fraction": 0.1, "g_denom": 0.096, "g_religion": 0.852, "g_amenity_only": 0.052}}, {"type": "Feature", "geometry": {"type": "Polygon", "coordinates": [[[-65.0, -5.0], [-60.0, -5.0], [-60.0, 0.0], [-65.0, 0.0], [-65.0, -5.0]]]}, "properties": {"n": 342, "tagged_fraction": 0.772, "denom_fraction": 0.439, "g_denom": 0.357, "g_religion": 0.418, "g_amenity_only": 0.225}}, {"type": "Feature", "geometry": {"type": "Polygon", "coordinates": [[[-95.0, 15.0], [-90.0, 15.0], [-90.0, 20.0], [-95.0, 20.0], [-95.0, 15.0]]]}, "properties": {"n": 1003, "tagged_fraction": 0.799, "denom_fraction": 0.335, "g_denom": 0.322, "g_religion": 0.476, "g_amenity_only": 0.202}}, {"type": "Feature", "geometry": {"type": "Polygon", "coordinates": [[[-55.0, -25.0], [-50.0, -25.0], [-50.0, -20.0], [-55.0, -20.0], [-55.0, -25.0]]]}, "properties": {"n": 2347, "tagged_fraction": 0.877, "denom_fraction": 0.459, "g_denom": 0.415, "g_religion": 0.459, "g_amenity_only": 0.126}}, {"type": "Feature", "geometry": {"type": "Polygon", "coordinates": [[[35.0, -15.0], [40.0, -15.0], [40.0, -10.0], [35.0, -10.0], [35.0, -15.0]]]}, "properties": {"n": 111, "tagged_fraction": 0.919, "denom_fraction": 0.306, "g_denom": 0.27, "g_religion": 0.649, "g_amenity_only": 0.081}}, {"type": "Feature", "geometry": {"type": "Polygon", "coordinates": [[[35.0, 5.0], [40.0, 5.0], [40.0, 10.0], [35.0, 10.0], [35.0, 5.0]]]}, "properties": {"n": 1887, "tagged_fraction": 0.41, "denom_fraction": 0.269, "g_denom": 0.254, "g_religion": 0.158, "g_amenity_only": 0.587}}, {"type": "Feature", "geometry": {"type": "Polygon", "coordinates": [[[105.0, 35.0], [110.0, 35.0], [110.0, 40.0], [105.0, 40.0], [105.0, 35.0]]]}, "properties": {"n": 918, "tagged_fraction": 0.65, "denom_fraction": 0.336, "g_denom": 0.334, "g_religion": 0.314, "g_amenity_only": 0.352}}, {"type": "Feature", "geometry": {"type": "Polygon", "coordinates": [[[70.0, 10.0], [75.0, 10.0], [75.0, 15.0], [70.0, 15.0], [70.0, 10.0]]]}, "properties": {"n": 746, "tagged_fraction": 0.882, "denom_fraction": 0.103, "g_denom": 0.058, "g_religion": 0.82, "g_amenity_only": 0.122}}, {"type": "Feature", "geometry": {"type": "Polygon", "coordinates": [[[45.0, 50.0], [50.0, 50.0], [50.0, 55.0], [45.0, 55.0], [45.0, 50.0]]]}, "properties": {"n": 1244, "tagged_fraction": 0.919, "denom_fraction": 0.603, "g_denom": 0.597, "g_religion": 0.322, "g_amenity_only": 0.08}}, {"type": "Feature", "geometry": {"type": "Polygon", "coordinates": [[[95.0, 10.0], [100.0, 10.0], [100.0, 15.0], [95.0, 15.0], [95.0, 10.0]]]}, "properties": {"n": 1888, "tagged_fraction": 0.74, "denom_fraction": 0.057, "g_denom": 0.053, "g_religion": 0.679, "g_amenity_only": 0.268}}, {"type": "Feature", "geometry": {"type": "Polygon", "coordinates": [[[120.0, 5.0], [125.0, 5.0], [125.0, 10.0], [120.0, 10.0], [120.0, 5.0]]]}, "properties": {"n": 2300, "tagged_fraction": 0.886, "denom_fraction": 0.48, "g_denom": 0.402, "g_religion": 0.484, "g_amenity_only": 0.114}}, {"type": "Feature", "geometry": {"type": "Polygon", "coordinates": [[[25.0, -20.0], [30.0, -20.0], [30.0, -15.0], [25.0, -15.0], [25.0, -20.0]]]}, "properties": {"n": 794, "tagged_fraction": 0.936, "denom_fraction": 0.225, "g_denom": 0.169, "g_religion": 0.768, "g_amenity_only": 0.063}}, {"type": "Feature", "geometry": {"type": "Polygon", "coordinates": [[[-70.0, 15.0], [-65.0, 15.0], [-65.0, 20.0], [-70.0, 20.0], [-70.0, 15.0]]]}, "properties": {"n": 1359, "tagged_fraction": 0.845, "denom_fraction": 0.379, "g_denom": 0.351, "g_religion": 0.508, "g_amenity_only": 0.141}}, {"type": "Feature", "geometry": {"type": "Polygon", "coordinates": [[[40.0, 50.0], [45.0, 50.0], [45.0, 55.0], [40.0, 55.0], [40.0, 50.0]]]}, "properties": {"n": 1151, "tagged_fraction": 0.91, "denom_fraction": 0.612, "g_denom": 0.611, "g_religion": 0.301, "g_amenity_only": 0.089}}, {"type": "Feature", "geometry": {"type": "Polygon", "coordinates": [[[135.0, -35.0], [140.0, -35.0], [140.0, -30.0], [135.0, -30.0], [135.0, -35.0]]]}, "properties": {"n": 432, "tagged_fraction": 0.877, "denom_fraction": 0.569, "g_denom": 0.544, "g_religion": 0.336, "g_amenity_only": 0.12}}, {"type": "Feature", "geometry": {"type": "Polygon", "coordinates": [[[30.0, 40.0], [35.0, 40.0], [35.0, 45.0], [30.0, 45.0], [30.0, 40.0]]]}, "properties": {"n": 5707, "tagged_fraction": 0.989, "denom_fraction": 0.749, "g_denom": 0.747, "g_religion": 0.243, "g_amenity_only": 0.01}}, {"type": "Feature", "geometry": {"type": "Polygon", "coordinates": [[[40.0, 25.0], [45.0, 25.0], [45.0, 30.0], [40.0, 30.0], [40.0, 25.0]]]}, "properties": {"n": 2578, "tagged_fraction": 0.998, "denom_fraction": 0.13, "g_denom": 0.129, "g_religion": 0.869, "g_amenity_only": 0.002}}, {"type": "Feature", "geometry": {"type": "Polygon", "coordinates": [[[10.0, 55.0], [15.0, 55.0], [15.0, 60.0], [10.0, 60.0], [10.0, 55.0]]]}, "properties": {"n": 4298, "tagged_fraction": 0.995, "denom_fraction": 0.916, "g_denom": 0.875, "g_religion": 0.119, "g_amenity_only": 0.006}}, {"type": "Feature", "geometry": {"type": "Polygon", "coordinates": [[[20.0, 70.0], [25.0, 70.0], [25.0, 75.0], [20.0, 75.0], [20.0, 70.0]]]}, "properties": {"n": 42, "tagged_fraction": 1.0, "denom_fraction": 1.0, "g_denom": 1.0, "g_religion": 0.0, "g_amenity_only": 0.0}}, {"type": "Feature", "geometry": {"type": "Polygon", "coordinates": [[[105.0, 30.0], [110.0, 30.0], [110.0, 35.0], [105.0, 35.0], [105.0, 30.0]]]}, "properties": {"n": 773, "tagged_fraction": 0.569, "denom_fraction": 0.082, "g_denom": 0.076, "g_religion": 0.488, "g_amenity_only": 0.436}}, {"type": "Feature", "geometry": {"type": "Polygon", "coordinates": [[[-130.0, 50.0], [-125.0, 50.0], [-125.0, 55.0], [-130.0, 55.0], [-130.0, 50.0]]]}, "properties": {"n": 75, "tagged_fraction": 0.787, "denom_fraction": 0.387, "g_denom": 0.36, "g_religion": 0.44, "g_amenity_only": 0.2}}, {"type": "Feature", "geometry": {"type": "Polygon", "coordinates": [[[75.0, 40.0], [80.0, 40.0], [80.0, 45.0], [75.0, 45.0], [75.0, 40.0]]]}, "properties": {"n": 604, "tagged_fraction": 0.95, "denom_fraction": 0.169, "g_denom": 0.162, "g_religion": 0.79, "g_amenity_only": 0.048}}, {"type": "Feature", "geometry": {"type": "Polygon", "coordinates": [[[125.0, 5.0], [130.0, 5.0], [130.0, 10.0], [125.0, 10.0], [125.0, 5.0]]]}, "properties": {"n": 1813, "tagged_fraction": 0.833, "denom_fraction": 0.581, "g_denom": 0.448, "g_religion": 0.386, "g_amenity_only": 0.165}}, {"type": "Feature", "geometry": {"type": "Polygon", "coordinates": [[[95.0, 50.0], [100.0, 50.0], [100.0, 55.0], [95.0, 55.0], [95.0, 50.0]]]}, "properties": {"n": 24, "tagged_fraction": 0.917, "denom_fraction": 0.042, "g_denom": 0.042, "g_religion": 0.875, "g_amenity_only": 0.083}}, {"type": "Feature", "geometry": {"type": "Polygon", "coordinates": [[[35.0, 10.0], [40.0, 10.0], [40.0, 15.0], [35.0, 15.0], [35.0, 10.0]]]}, "properties": {"n": 8068, "tagged_fraction": 0.746, "denom_fraction": 0.662, "g_denom": 0.651, "g_religion": 0.095, "g_amenity_only": 0.254}}, {"type": "Feature", "geometry": {"type": "Polygon", "coordinates": [[[105.0, 15.0], [110.0, 15.0], [110.0, 20.0], [105.0, 20.0], [105.0, 15.0]]]}, "properties": {"n": 1397, "tagged_fraction": 0.601, "denom_fraction": 0.045, "g_denom": 0.042, "g_religion": 0.541, "g_amenity_only": 0.417}}, {"type": "Feature", "geometry": {"type": "Polygon", "coordinates": [[[-55.0, -15.0], [-50.0, -15.0], [-50.0, -10.0], [-55.0, -10.0], [-55.0, -15.0]]]}, "properties": {"n": 80, "tagged_fraction": 0.812, "denom_fraction": 0.412, "g_denom": 0.388, "g_religion": 0.412, "g_amenity_only": 0.2}}, {"type": "Feature", "geometry": {"type": "Polygon", "coordinates": [[[55.0, 55.0], [60.0, 55.0], [60.0, 60.0], [55.0, 60.0], [55.0, 55.0]]]}, "properties": {"n": 656, "tagged_fraction": 0.962, "denom_fraction": 0.782, "g_denom": 0.767, "g_religion": 0.195, "g_amenity_only": 0.038}}, {"type": "Feature", "geometry": {"type": "Polygon", "coordinates": [[[-90.0, 10.0], [-85.0, 10.0], [-85.0, 15.0], [-90.0, 15.0], [-90.0, 10.0]]]}, "properties": {"n": 3888, "tagged_fraction": 0.895, "denom_fraction": 0.521, "g_denom": 0.5, "g_religion": 0.396, "g_amenity_only": 0.103}}, {"type": "Feature", "geometry": {"type": "Polygon", "coordinates": [[[135.0, -5.0], [140.0, -5.0], [140.0, 0.0], [135.0, 0.0], [135.0, -5.0]]]}, "properties": {"n": 228, "tagged_fraction": 0.921, "denom_fraction": 0.522, "g_denom": 0.346, "g_religion": 0.566, "g_amenity_only": 0.088}}, {"type": "Feature", "geometry": {"type": "Polygon", "coordinates": [[[-105.0, 20.0], [-100.0, 20.0], [-100.0, 25.0], [-105.0, 25.0], [-105.0, 20.0]]]}, "properties": {"n": 2206, "tagged_fraction": 0.848, "denom_fraction": 0.511, "g_denom": 0.503, "g_religion": 0.35, "g_amenity_only": 0.147}}, {"type": "Feature", "geometry": {"type": "Polygon", "coordinates": [[[100.0, 45.0], [105.0, 45.0], [105.0, 50.0], [100.0, 50.0], [100.0, 45.0]]]}, "properties": {"n": 76, "tagged_fraction": 0.487, "denom_fraction": 0.079, "g_denom": 0.039, "g_religion": 0.355, "g_amenity_only": 0.605}}, {"type": "Feature", "geometry": {"type": "Polygon", "coordinates": [[[-75.0, 15.0], [-70.0, 15.0], [-70.0, 20.0], [-75.0, 20.0], [-75.0, 15.0]]]}, "properties": {"n": 3582, "tagged_fraction": 0.891, "denom_fraction": 0.594, "g_denom": 0.525, "g_religion": 0.291, "g_amenity_only": 0.184}}, {"type": "Feature", "geometry": {"type": "Polygon", "coordinates": [[[120.0, -5.0], [125.0, -5.0], [125.0, 0.0], [120.0, 0.0], [120.0, -5.0]]]}, "properties": {"n": 1647, "tagged_fraction": 0.939, "denom_fraction": 0.137, "g_denom": 0.137, "g_religion": 0.802, "g_amenity_only": 0.061}}, {"type": "Feature", "geometry": {"type": "Polygon", "coordinates": [[[-65.0, 40.0], [-60.0, 40.0], [-60.0, 45.0], [-65.0, 45.0], [-65.0, 40.0]]]}, "properties": {"n": 456, "tagged_fraction": 0.697, "denom_fraction": 0.522, "g_denom": 0.474, "g_religion": 0.232, "g_amenity_only": 0.294}}, {"type": "Feature", "geometry": {"type": "Polygon", "coordinates": [[[120.0, 0.0], [125.0, 0.0], [125.0, 5.0], [120.0, 5.0], [120.0, 0.0]]]}, "properties": {"n": 1925, "tagged_fraction": 0.866, "denom_fraction": 0.098, "g_denom": 0.093, "g_religion": 0.771, "g_amenity_only": 0.136}}, {"type": "Feature", "geometry": {"type": "Polygon", "coordinates": [[[20.0, -35.0], [25.0, -35.0], [25.0, -30.0], [20.0, -30.0], [20.0, -35.0]]]}, "properties": {"n": 224, "tagged_fraction": 0.955, "denom_fraction": 0.589, "g_denom": 0.348, "g_religion": 0.598, "g_amenity_only": 0.054}}, {"type": "Feature", "geometry": {"type": "Polygon", "coordinates": [[[85.0, 40.0], [90.0, 40.0], [90.0, 45.0], [85.0, 45.0], [85.0, 40.0]]]}, "properties": {"n": 157, "tagged_fraction": 0.51, "denom_fraction": 0.051, "g_denom": 0.051, "g_religion": 0.459, "g_amenity_only": 0.49}}, {"type": "Feature", "geometry": {"type": "Polygon", "coordinates": [[[25.0, -35.0], [30.0, -35.0], [30.0, -30.0], [25.0, -30.0], [25.0, -35.0]]]}, "properties": {"n": 473, "tagged_fraction": 0.924, "denom_fraction": 0.427, "g_denom": 0.304, "g_religion": 0.617, "g_amenity_only": 0.078}}, {"type": "Feature", "geometry": {"type": "Polygon", "coordinates": [[[40.0, 20.0], [45.0, 20.0], [45.0, 25.0], [40.0, 25.0], [40.0, 20.0]]]}, "properties": {"n": 959, "tagged_fraction": 0.998, "denom_fraction": 0.05, "g_denom": 0.05, "g_religion": 0.948, "g_amenity_only": 0.002}}, {"type": "Feature", "geometry": {"type": "Polygon", "coordinates": [[[40.0, -15.0], [45.0, -15.0], [45.0, -10.0], [40.0, -10.0], [40.0, -15.0]]]}, "properties": {"n": 327, "tagged_fraction": 0.939, "denom_fraction": 0.272, "g_denom": 0.266, "g_religion": 0.673, "g_amenity_only": 0.061}}, {"type": "Feature", "geometry": {"type": "Polygon", "coordinates": [[[-60.0, 10.0], [-55.0, 10.0], [-55.0, 15.0], [-60.0, 15.0], [-60.0, 10.0]]]}, "properties": {"n": 277, "tagged_fraction": 0.971, "denom_fraction": 0.596, "g_denom": 0.538, "g_religion": 0.433, "g_amenity_only": 0.029}}, {"type": "Feature", "geometry": {"type": "Polygon", "coordinates": [[[30.0, -25.0], [35.0, -25.0], [35.0, -20.0], [30.0, -20.0], [30.0, -25.0]]]}, "properties": {"n": 654, "tagged_fraction": 0.676, "denom_fraction": 0.761, "g_denom": 0.758, "g_religion": 0.081, "g_amenity_only": 0.161}}, {"type": "Feature", "geometry": {"type": "Polygon", "coordinates": [[[110.0, 35.0], [115.0, 35.0], [115.0, 40.0], [110.0, 40.0], [110.0, 35.0]]]}, "properties": {"n": 942, "tagged_fraction": 0.823, "denom_fraction": 0.048, "g_denom": 0.039, "g_religion": 0.734, "g_amenity_only": 0.227}}, {"type": "Feature", "geometry": {"type": "Polygon", "coordinates": [[[55.0, 50.0], [60.0, 50.0], [60.0, 55.0], [55.0, 55.0], [55.0, 50.0]]]}, "properties": {"n": 561, "tagged_fraction": 0.916, "denom_fraction": 0.601, "g_denom": 0.59, "g_religion": 0.326, "g_amenity_only": 0.084}}, {"type": "Feature", "geometry": {"type": "Polygon", "coordinates": [[[-145.0, -20.0], [-140.0, -20.0], [-140.0, -15.0], [-145.0, -15.0], [-145.0, -20.0]]]}, "properties": {"n": 16, "tagged_fraction": 0.875, "denom_fraction": 0.375, "g_denom": 0.375, "g_religion": 0.5, "g_amenity_only": 0.125}}, {"type": "Feature", "geometry": {"type": "Polygon", "coordinates": [[[-20.0, 30.0], [-15.0, 30.0], [-15.0, 35.0], [-20.0, 35.0], [-20.0, 30.0]]]}, "properties": {"n": 253, "tagged_fraction": 0.968, "denom_fraction": 0.502, "g_denom": 0.49, "g_religion": 0.474, "g_amenity_only": 0.036}}, {"type": "Feature", "geometry": {"type": "Polygon", "coordinates": [[[-70.0, -20.0], [-65.0, -20.0], [-65.0, -15.0], [-70.0, -15.0], [-70.0, -20.0]]]}, "properties": {"n": 1914, "tagged_fraction": 0.9, "denom_fraction": 0.596, "g_denom": 0.586, "g_religion": 0.315, "g_amenity_only": 0.099}}, {"type": "Feature", "geometry": {"type": "Polygon", "coordinates": [[[45.0, 10.0], [50.0, 10.0], [50.0, 15.0], [45.0, 15.0], [45.0, 10.0]]]}, "properties": {"n": 1247, "tagged_fraction": 0.984, "denom_fraction": 0.048, "g_denom": 0.047, "g_religion": 0.937, "g_amenity_only": 0.016}}, {"type": "Feature", "geometry": {"type": "Polygon", "coordinates": [[[-105.0, 25.0], [-100.0, 25.0], [-100.0, 30.0], [-105.0, 30.0], [-105.0, 25.0]]]}, "properties": {"n": 790, "tagged_fraction": 0.797, "denom_fraction": 0.422, "g_denom": 0.409, "g_religion": 0.392, "g_amenity_only": 0.199}}, {"type": "Feature", "geometry": {"type": "Polygon", "coordinates": [[[110.0, -30.0], [115.0, -30.0], [115.0, -25.0], [110.0, -25.0], [110.0, -30.0]]]}, "properties": {"n": 18, "tagged_fraction": 0.944, "denom_fraction": 0.722, "g_denom": 0.722, "g_religion": 0.222, "g_amenity_only": 0.056}}, {"type": "Feature", "geometry": {"type": "Polygon", "coordinates": [[[50.0, 20.0], [55.0, 20.0], [55.0, 25.0], [50.0, 25.0], [50.0, 20.0]]]}, "properties": {"n": 648, "tagged_fraction": 0.954, "denom_fraction": 0.028, "g_denom": 0.025, "g_religion": 0.929, "g_amenity_only": 0.046}}, {"type": "Feature", "geometry": {"type": "Polygon", "coordinates": [[[130.0, -35.0], [135.0, -35.0], [135.0, -30.0], [130.0, -30.0], [130.0, -35.0]]]}, "properties": {"n": 9, "tagged_fraction": 0.889, "denom_fraction": 0.667, "g_denom": 0.667, "g_religion": 0.222, "g_amenity_only": 0.111}}, {"type": "Feature", "geometry": {"type": "Polygon", "coordinates": [[[65.0, 20.0], [70.0, 20.0], [70.0, 25.0], [65.0, 25.0], [65.0, 20.0]]]}, "properties": {"n": 3822, "tagged_fraction": 0.933, "denom_fraction": 0.192, "g_denom": 0.186, "g_religion": 0.747, "g_amenity_only": 0.067}}, {"type": "Feature", "geometry": {"type": "Polygon", "coordinates": [[[125.0, 30.0], [130.0, 30.0], [130.0, 35.0], [125.0, 35.0], [125.0, 30.0]]]}, "properties": {"n": 2032, "tagged_fraction": 0.953, "denom_fraction": 0.091, "g_denom": 0.078, "g_religion": 0.875, "g_amenity_only": 0.048}}, {"type": "Feature", "geometry": {"type": "Polygon", "coordinates": [[[15.0, 60.0], [20.0, 60.0], [20.0, 65.0], [15.0, 65.0], [15.0, 60.0]]]}, "properties": {"n": 603, "tagged_fraction": 0.977, "denom_fraction": 0.769, "g_denom": 0.74, "g_religion": 0.237, "g_amenity_only": 0.023}}, {"type": "Feature", "geometry": {"type": "Polygon", "coordinates": [[[25.0, 60.0], [30.0, 60.0], [30.0, 65.0], [25.0, 65.0], [25.0, 60.0]]]}, "properties": {"n": 868, "tagged_fraction": 0.961, "denom_fraction": 0.824, "g_denom": 0.724, "g_religion": 0.236, "g_amenity_only": 0.04}}, {"type": "Feature", "geometry": {"type": "Polygon", "coordinates": [[[-85.0, 45.0], [-80.0, 45.0], [-80.0, 50.0], [-85.0, 50.0], [-85.0, 45.0]]]}, "properties": {"n": 808, "tagged_fraction": 0.776, "denom_fraction": 0.475, "g_denom": 0.439, "g_religion": 0.335, "g_amenity_only": 0.225}}, {"type": "Feature", "geometry": {"type": "Polygon", "coordinates": [[[30.0, 25.0], [35.0, 25.0], [35.0, 30.0], [30.0, 30.0], [30.0, 25.0]]]}, "properties": {"n": 1036, "tagged_fraction": 0.852, "denom_fraction": 0.147, "g_denom": 0.138, "g_religion": 0.714, "g_amenity_only": 0.148}}, {"type": "Feature", "geometry": {"type": "Polygon", "coordinates": [[[-105.0, 45.0], [-100.0, 45.0], [-100.0, 50.0], [-105.0, 50.0], [-105.0, 45.0]]]}, "properties": {"n": 710, "tagged_fraction": 0.892, "denom_fraction": 0.334, "g_denom": 0.327, "g_religion": 0.572, "g_amenity_only": 0.101}}, {"type": "Feature", "geometry": {"type": "Polygon", "coordinates": [[[-65.0, -15.0], [-60.0, -15.0], [-60.0, -10.0], [-65.0, -10.0], [-65.0, -15.0]]]}, "properties": {"n": 176, "tagged_fraction": 0.835, "denom_fraction": 0.54, "g_denom": 0.517, "g_religion": 0.324, "g_amenity_only": 0.159}}, {"type": "Feature", "geometry": {"type": "Polygon", "coordinates": [[[-70.0, -10.0], [-65.0, -10.0], [-65.0, -5.0], [-70.0, -5.0], [-70.0, -10.0]]]}, "properties": {"n": 96, "tagged_fraction": 0.865, "denom_fraction": 0.365, "g_denom": 0.365, "g_religion": 0.469, "g_amenity_only": 0.167}}, {"type": "Feature", "geometry": {"type": "Polygon", "coordinates": [[[70.0, 55.0], [75.0, 55.0], [75.0, 60.0], [70.0, 60.0], [70.0, 55.0]]]}, "properties": {"n": 71, "tagged_fraction": 0.859, "denom_fraction": 0.366, "g_denom": 0.366, "g_religion": 0.493, "g_amenity_only": 0.141}}, {"type": "Feature", "geometry": {"type": "Polygon", "coordinates": [[[-25.0, 15.0], [-20.0, 15.0], [-20.0, 20.0], [-25.0, 20.0], [-25.0, 15.0]]]}, "properties": {"n": 142, "tagged_fraction": 0.972, "denom_fraction": 0.528, "g_denom": 0.493, "g_religion": 0.479, "g_amenity_only": 0.028}}, {"type": "Feature", "geometry": {"type": "Polygon", "coordinates": [[[-40.0, -20.0], [-35.0, -20.0], [-35.0, -15.0], [-40.0, -15.0], [-40.0, -20.0]]]}, "properties": {"n": 505, "tagged_fraction": 0.861, "denom_fraction": 0.638, "g_denom": 0.588, "g_religion": 0.273, "g_amenity_only": 0.139}}, {"type": "Feature", "geometry": {"type": "Polygon", "coordinates": [[[20.0, 30.0], [25.0, 30.0], [25.0, 35.0], [20.0, 35.0], [20.0, 30.0]]]}, "properties": {"n": 1065, "tagged_fraction": 0.931, "denom_fraction": 0.159, "g_denom": 0.157, "g_religion": 0.774, "g_amenity_only": 0.069}}, {"type": "Feature", "geometry": {"type": "Polygon", "coordinates": [[[120.0, -10.0], [125.0, -10.0], [125.0, -5.0], [120.0, -5.0], [120.0, -10.0]]]}, "properties": {"n": 1743, "tagged_fraction": 0.896, "denom_fraction": 0.267, "g_denom": 0.264, "g_religion": 0.632, "g_amenity_only": 0.104}}, {"type": "Feature", "geometry": {"type": "Polygon", "coordinates": [[[115.0, -35.0], [120.0, -35.0], [120.0, -30.0], [115.0, -30.0], [115.0, -35.0]]]}, "properties": {"n": 541, "tagged_fraction": 0.928, "denom_fraction": 0.643, "g_denom": 0.59, "g_religion": 0.327, "g_amenity_only": 0.083}}, {"type": "Feature", "geometry": {"type": "Polygon", "coordinates": [[[-15.0, 25.0], [-10.0, 25.0], [-10.0, 30.0], [-15.0, 30.0], [-15.0, 25.0]]]}, "properties": {"n": 194, "tagged_fraction": 0.948, "denom_fraction": 0.418, "g_denom": 0.418, "g_religion": 0.531, "g_amenity_only": 0.052}}, {"type": "Feature", "geometry": {"type": "Polygon", "coordinates": [[[70.0, 25.0], [75.0, 25.0], [75.0, 30.0], [70.0, 30.0], [70.0, 25.0]]]}, "properties": {"n": 672, "tagged_fraction": 0.817, "denom_fraction": 0.103, "g_denom": 0.054, "g_religion": 0.76, "g_amenity_only": 0.186}}, {"type": "Feature", "geometry": {"type": "Polygon", "coordinates": [[[105.0, 25.0], [110.0, 25.0], [110.0, 30.0], [105.0, 30.0], [105.0, 25.0]]]}, "properties": {"n": 243, "tagged_fraction": 0.856, "denom_fraction": 0.045, "g_denom": 0.045, "g_religion": 0.794, "g_amenity_only": 0.16}}, {"type": "Feature", "geometry": {"type": "Polygon", "coordinates": [[[-95.0, 45.0], [-90.0, 45.0], [-90.0, 50.0], [-95.0, 50.0], [-95.0, 45.0]]]}, "properties": {"n": 1311, "tagged_fraction": 0.938, "denom_fraction": 0.556, "g_denom": 0.497, "g_religion": 0.44, "g_amenity_only": 0.063}}, {"type": "Feature", "geometry": {"type": "Polygon", "coordinates": [[[30.0, 65.0], [35.0, 65.0], [35.0, 70.0], [30.0, 70.0], [30.0, 65.0]]]}, "properties": {"n": 103, "tagged_fraction": 0.922, "denom_fraction": 0.728, "g_denom": 0.718, "g_religion": 0.204, "g_amenity_only": 0.078}}, {"type": "Feature", "geometry": {"type": "Polygon", "coordinates": [[[105.0, 50.0], [110.0, 50.0], [110.0, 55.0], [105.0, 55.0], [105.0, 50.0]]]}, "properties": {"n": 145, "tagged_fraction": 0.89, "denom_fraction": 0.338, "g_denom": 0.234, "g_religion": 0.655, "g_amenity_only": 0.11}}, {"type": "Feature", "geometry": {"type": "Polygon", "coordinates": [[[-60.0, -15.0], [-55.0, -15.0], [-55.0, -10.0], [-60.0, -10.0], [-60.0, -15.0]]]}, "properties": {"n": 196, "tagged_fraction": 0.827, "denom_fraction": 0.444, "g_denom": 0.439, "g_religion": 0.383, "g_amenity_only": 0.179}}, {"type": "Feature", "geometry": {"type": "Polygon", "coordinates": [[[15.0, 10.0], [20.0, 10.0], [20.0, 15.0], [15.0, 15.0], [15.0, 10.0]]]}, "properties": {"n": 342, "tagged_fraction": 0.842, "denom_fraction": 0.442, "g_denom": 0.436, "g_religion": 0.406, "g_amenity_only": 0.158}}, {"type": "Feature", "geometry": {"type": "Polygon", "coordinates": [[[55.0, -25.0], [60.0, -25.0], [60.0, -20.0], [55.0, -20.0], [55.0, -25.0]]]}, "properties": {"n": 681, "tagged_fraction": 0.865, "denom_fraction": 0.323, "g_denom": 0.3, "g_religion": 0.561, "g_amenity_only": 0.14}}, {"type": "Feature", "geometry": {"type": "Polygon", "coordinates": [[[115.0, -30.0], [120.0, -30.0], [120.0, -25.0], [115.0, -25.0], [115.0, -30.0]]]}, "properties": {"n": 18, "tagged_fraction": 1.0, "denom_fraction": 0.667, "g_denom": 0.611, "g_religion": 0.389, "g_amenity_only": 0.0}}, {"type": "Feature", "geometry": {"type": "Polygon", "coordinates": [[[-5.0, 55.0], [0.0, 55.0], [0.0, 60.0], [-5.0, 60.0], [-5.0, 55.0]]]}, "properties": {"n": 3311, "tagged_fraction": 0.956, "denom_fraction": 0.725, "g_denom": 0.369, "g_religion": 0.582, "g_amenity_only": 0.048}}, {"type": "Feature", "geometry": {"type": "Polygon", "coordinates": [[[80.0, 20.0], [85.0, 20.0], [85.0, 25.0], [80.0, 25.0], [80.0, 20.0]]]}, "properties": {"n": 1102, "tagged_fraction": 0.889, "denom_fraction": 0.056, "g_denom": 0.021, "g_religion": 0.867, "g_amenity_only": 0.113}}, {"type": "Feature", "geometry": {"type": "Polygon", "coordinates": [[[110.0, 15.0], [115.0, 15.0], [115.0, 20.0], [110.0, 20.0], [110.0, 15.0]]]}, "properties": {"n": 27, "tagged_fraction": 0.815, "denom_fraction": 0.0, "g_denom": 0.0, "g_religion": 0.741, "g_amenity_only": 0.259}}, {"type": "Feature", "geometry": {"type": "Polygon", "coordinates": [[[175.0, -40.0], [180.0, -40.0], [180.0, -35.0], [175.0, -35.0], [175.0, -40.0]]]}, "properties": {"n": 754, "tagged_fraction": 0.906, "denom_fraction": 0.736, "g_denom": 0.611, "g_religion": 0.304, "g_amenity_only": 0.085}}, {"type": "Feature", "geometry": {"type": "Polygon", "coordinates": [[[-65.0, 15.0], [-60.0, 15.0], [-60.0, 20.0], [-65.0, 20.0], [-65.0, 15.0]]]}, "properties": {"n": 653, "tagged_fraction": 0.917, "denom_fraction": 0.527, "g_denom": 0.495, "g_religion": 0.435, "g_amenity_only": 0.07}}, {"type": "Feature", "geometry": {"type": "Polygon", "coordinates": [[[-65.0, -25.0], [-60.0, -25.0], [-60.0, -20.0], [-65.0, -20.0], [-65.0, -25.0]]]}, "properties": {"n": 216, "tagged_fraction": 0.903, "denom_fraction": 0.551, "g_denom": 0.546, "g_religion": 0.375, "g_amenity_only": 0.079}}, {"type": "Feature", "geometry": {"type": "Polygon", "coordinates": [[[-55.0, 0.0], [-50.0, 0.0], [-50.0, 5.0], [-55.0, 5.0], [-55.0, 0.0]]]}, "properties": {"n": 233, "tagged_fraction": 0.777, "denom_fraction": 0.361, "g_denom": 0.335, "g_religion": 0.442, "g_amenity_only": 0.223}}, {"type": "Feature", "geometry": {"type": "Polygon", "coordinates": [[[110.0, 0.0], [115.0, 0.0], [115.0, 5.0], [110.0, 5.0], [110.0, 0.0]]]}, "properties": {"n": 914, "tagged_fraction": 0.965, "denom_fraction": 0.412, "g_denom": 0.406, "g_religion": 0.551, "g_amenity_only": 0.043}}, {"type": "Feature", "geometry": {"type": "Polygon", "coordinates": [[[-115.0, 50.0], [-110.0, 50.0], [-110.0, 55.0], [-115.0, 55.0], [-115.0, 50.0]]]}, "properties": {"n": 1463, "tagged_fraction": 0.819, "denom_fraction": 0.505, "g_denom": 0.459, "g_religion": 0.36, "g_amenity_only": 0.181}}, {"type": "Feature", "geometry": {"type": "Polygon", "coordinates": [[[90.0, 30.0], [95.0, 30.0], [95.0, 35.0], [90.0, 35.0], [90.0, 30.0]]]}, "properties": {"n": 205, "tagged_fraction": 0.956, "denom_fraction": 0.527, "g_denom": 0.512, "g_religion": 0.444, "g_amenity_only": 0.044}}, {"type": "Feature", "geometry": {"type": "Polygon", "coordinates": [[[65.0, 55.0], [70.0, 55.0], [70.0, 60.0], [65.0, 60.0], [65.0, 55.0]]]}, "properties": {"n": 219, "tagged_fraction": 0.868, "denom_fraction": 0.607, "g_denom": 0.603, "g_religion": 0.265, "g_amenity_only": 0.132}}, {"type": "Feature", "geometry": {"type": "Polygon", "coordinates": [[[15.0, 0.0], [20.0, 0.0], [20.0, 5.0], [15.0, 5.0], [15.0, 0.0]]]}, "properties": {"n": 231, "tagged_fraction": 0.879, "denom_fraction": 0.19, "g_denom": 0.182, "g_religion": 0.693, "g_amenity_only": 0.126}}, {"type": "Feature", "geometry": {"type": "Polygon", "coordinates": [[[50.0, 60.0], [55.0, 60.0], [55.0, 65.0], [50.0, 65.0], [50.0, 60.0]]]}, "properties": {"n": 78, "tagged_fraction": 0.885, "denom_fraction": 0.667, "g_denom": 0.667, "g_religion": 0.231, "g_amenity_only": 0.103}}, {"type": "Feature", "geometry": {"type": "Polygon", "coordinates": [[[-90.0, 45.0], [-85.0, 45.0], [-85.0, 50.0], [-90.0, 50.0], [-90.0, 45.0]]]}, "properties": {"n": 892, "tagged_fraction": 0.89, "denom_fraction": 0.503, "g_denom": 0.464, "g_religion": 0.422, "g_amenity_only": 0.114}}, {"type": "Feature", "geometry": {"type": "Polygon", "coordinates": [[[125.0, -5.0], [130.0, -5.0], [130.0, 0.0], [125.0, 0.0], [125.0, -5.0]]]}, "properties": {"n": 425, "tagged_fraction": 0.868, "denom_fraction": 0.075, "g_denom": 0.075, "g_religion": 0.793, "g_amenity_only": 0.132}}, {"type": "Feature", "geometry": {"type": "Polygon", "coordinates": [[[85.0, 45.0], [90.0, 45.0], [90.0, 50.0], [85.0, 50.0], [85.0, 45.0]]]}, "properties": {"n": 20, "tagged_fraction": 0.7, "denom_fraction": 0.2, "g_denom": 0.2, "g_religion": 0.5, "g_amenity_only": 0.3}}, {"type": "Feature", "geometry": {"type": "Polygon", "coordinates": [[[110.0, 30.0], [115.0, 30.0], [115.0, 35.0], [110.0, 35.0], [110.0, 30.0]]]}, "properties": {"n": 602, "tagged_fraction": 0.872, "denom_fraction": 0.033, "g_denom": 0.033, "g_religion": 0.819, "g_amenity_only": 0.148}}, {"type": "Feature", "geometry": {"type": "Polygon", "coordinates": [[[-75.0, -45.0], [-70.0, -45.0], [-70.0, -40.0], [-75.0, -40.0], [-75.0, -45.0]]]}, "properties": {"n": 510, "tagged_fraction": 0.861, "denom_fraction": 0.394, "g_denom": 0.38, "g_religion": 0.482, "g_amenity_only": 0.137}}, {"type": "Feature", "geometry": {"type": "Polygon", "coordinates": [[[-70.0, -40.0], [-65.0, -40.0], [-65.0, -35.0], [-70.0, -35.0], [-70.0, -40.0]]]}, "properties": {"n": 177, "tagged_fraction": 0.915, "denom_fraction": 0.548, "g_denom": 0.525, "g_religion": 0.379, "g_amenity_only": 0.096}}, {"type": "Feature", "geometry": {"type": "Polygon", "coordinates": [[[-75.0, 35.0], [-70.0, 35.0], [-70.0, 40.0], [-75.0, 40.0], [-75.0, 35.0]]]}, "properties": {"n": 393, "tagged_fraction": 0.987, "denom_fraction": 0.407, "g_denom": 0.372, "g_religion": 0.611, "g_amenity_only": 0.018}}, {"type": "Feature", "geometry": {"type": "Polygon", "coordinates": [[[35.0, 15.0], [40.0, 15.0], [40.0, 20.0], [35.0, 20.0], [35.0, 15.0]]]}, "properties": {"n": 398, "tagged_fraction": 0.93, "denom_fraction": 0.239, "g_denom": 0.229, "g_religion": 0.701, "g_amenity_only": 0.07}}, {"type": "Feature", "geometry": {"type": "Polygon", "coordinates": [[[15.0, -20.0], [20.0, -20.0], [20.0, -15.0], [15.0, -15.0], [15.0, -20.0]]]}, "properties": {"n": 217, "tagged_fraction": 0.935, "denom_fraction": 0.313, "g_denom": 0.3, "g_religion": 0.636, "g_amenity_only": 0.065}}, {"type": "Feature", "geometry": {"type": "Polygon", "coordinates": [[[15.0, 55.0], [20.0, 55.0], [20.0, 60.0], [15.0, 60.0], [15.0, 55.0]]]}, "properties": {"n": 1496, "tagged_fraction": 0.992, "denom_fraction": 0.894, "g_denom": 0.807, "g_religion": 0.183, "g_amenity_only": 0.009}}, {"type": "Feature", "geometry": {"type": "Polygon", "coordinates": [[[-105.0, 40.0], [-100.0, 40.0], [-100.0, 45.0], [-105.0, 45.0], [-105.0, 40.0]]]}, "properties": {"n": 1077, "tagged_fraction": 0.986, "denom_fraction": 0.463, "g_denom": 0.426, "g_religion": 0.559, "g_amenity_only": 0.015}}, {"type": "Feature", "geometry": {"type": "Polygon", "coordinates": [[[-115.0, 25.0], [-110.0, 25.0], [-110.0, 30.0], [-115.0, 30.0], [-115.0, 25.0]]]}, "properties": {"n": 115, "tagged_fraction": 0.896, "denom_fraction": 0.635, "g_denom": 0.591, "g_religion": 0.304, "g_amenity_only": 0.104}}, {"type": "Feature", "geometry": {"type": "Polygon", "coordinates": [[[85.0, 15.0], [90.0, 15.0], [90.0, 20.0], [85.0, 20.0], [85.0, 15.0]]]}, "properties": {"n": 128, "tagged_fraction": 0.836, "denom_fraction": 0.266, "g_denom": 0.0, "g_religion": 0.836, "g_amenity_only": 0.164}}, {"type": "Feature", "geometry": {"type": "Polygon", "coordinates": [[[45.0, 60.0], [50.0, 60.0], [50.0, 65.0], [45.0, 65.0], [45.0, 60.0]]]}, "properties": {"n": 147, "tagged_fraction": 0.864, "denom_fraction": 0.68, "g_denom": 0.68, "g_religion": 0.19, "g_amenity_only": 0.129}}, {"type": "Feature", "geometry": {"type": "Polygon", "coordinates": [[[-180.0, -15.0], [-175.0, -15.0], [-175.0, -10.0], [-180.0, -10.0], [-180.0, -15.0]]]}, "properties": {"n": 43, "tagged_fraction": 0.93, "denom_fraction": 0.163, "g_denom": 0.163, "g_religion": 0.767, "g_amenity_only": 0.07}}, {"type": "Feature", "geometry": {"type": "Polygon", "coordinates": [[[20.0, 0.0], [25.0, 0.0], [25.0, 5.0], [20.0, 5.0], [20.0, 0.0]]]}, "properties": {"n": 176, "tagged_fraction": 0.705, "denom_fraction": 0.358, "g_denom": 0.335, "g_religion": 0.369, "g_amenity_only": 0.295}}, {"type": "Feature", "geometry": {"type": "Polygon", "coordinates": [[[145.0, -20.0], [150.0, -20.0], [150.0, -15.0], [145.0, -15.0], [145.0, -20.0]]]}, "properties": {"n": 105, "tagged_fraction": 0.933, "denom_fraction": 0.524, "g_denom": 0.514, "g_religion": 0.4, "g_amenity_only": 0.086}}, {"type": "Feature", "geometry": {"type": "Polygon", "coordinates": [[[125.0, -10.0], [130.0, -10.0], [130.0, -5.0], [125.0, -5.0], [125.0, -10.0]]]}, "properties": {"n": 335, "tagged_fraction": 0.827, "denom_fraction": 0.636, "g_denom": 0.633, "g_religion": 0.197, "g_amenity_only": 0.17}}, {"type": "Feature", "geometry": {"type": "Polygon", "coordinates": [[[110.0, 25.0], [115.0, 25.0], [115.0, 30.0], [110.0, 30.0], [110.0, 25.0]]]}, "properties": {"n": 304, "tagged_fraction": 0.78, "denom_fraction": 0.043, "g_denom": 0.039, "g_religion": 0.704, "g_amenity_only": 0.257}}, {"type": "Feature", "geometry": {"type": "Polygon", "coordinates": [[[-80.0, 10.0], [-75.0, 10.0], [-75.0, 15.0], [-80.0, 15.0], [-80.0, 10.0]]]}, "properties": {"n": 142, "tagged_fraction": 0.887, "denom_fraction": 0.465, "g_denom": 0.437, "g_religion": 0.458, "g_amenity_only": 0.106}}, {"type": "Feature", "geometry": {"type": "Polygon", "coordinates": [[[-60.0, 45.0], [-55.0, 45.0], [-55.0, 50.0], [-60.0, 50.0], [-60.0, 45.0]]]}, "properties": {"n": 405, "tagged_fraction": 0.425, "denom_fraction": 0.257, "g_denom": 0.24, "g_religion": 0.185, "g_amenity_only": 0.575}}, {"type": "Feature", "geometry": {"type": "Polygon", "coordinates": [[[-70.0, -55.0], [-65.0, -55.0], [-65.0, -50.0], [-70.0, -50.0], [-70.0, -55.0]]]}, "properties": {"n": 37, "tagged_fraction": 0.838, "denom_fraction": 0.486, "g_denom": 0.486, "g_religion": 0.351, "g_amenity_only": 0.162}}, {"type": "Feature", "geometry": {"type": "Polygon", "coordinates": [[[10.0, 25.0], [15.0, 25.0], [15.0, 30.0], [10.0, 30.0], [10.0, 25.0]]]}, "properties": {"n": 290, "tagged_fraction": 0.979, "denom_fraction": 0.121, "g_denom": 0.121, "g_religion": 0.859, "g_amenity_only": 0.021}}, {"type": "Feature", "geometry": {"type": "Polygon", "coordinates": [[[-85.0, 10.0], [-80.0, 10.0], [-80.0, 15.0], [-85.0, 15.0], [-85.0, 10.0]]]}, "properties": {"n": 1447, "tagged_fraction": 0.956, "denom_fraction": 0.802, "g_denom": 0.788, "g_religion": 0.168, "g_amenity_only": 0.044}}, {"type": "Feature", "geometry": {"type": "Polygon", "coordinates": [[[25.0, -15.0], [30.0, -15.0], [30.0, -10.0], [25.0, -10.0], [25.0, -15.0]]]}, "properties": {"n": 312, "tagged_fraction": 0.795, "denom_fraction": 0.353, "g_denom": 0.33, "g_religion": 0.462, "g_amenity_only": 0.208}}, {"type": "Feature", "geometry": {"type": "Polygon", "coordinates": [[[-5.0, 0.0], [0.0, 0.0], [0.0, 5.0], [-5.0, 5.0], [-5.0, 0.0]]]}, "properties": {"n": 115, "tagged_fraction": 0.939, "denom_fraction": 0.435, "g_denom": 0.391, "g_religion": 0.548, "g_amenity_only": 0.061}}, {"type": "Feature", "geometry": {"type": "Polygon", "coordinates": [[[-75.0, -50.0], [-70.0, -50.0], [-70.0, -45.0], [-75.0, -45.0], [-75.0, -50.0]]]}, "properties": {"n": 75, "tagged_fraction": 0.827, "denom_fraction": 0.373, "g_denom": 0.373, "g_religion": 0.453, "g_amenity_only": 0.173}}, {"type": "Feature", "geometry": {"type": "Polygon", "coordinates": [[[120.0, 35.0], [125.0, 35.0], [125.0, 40.0], [120.0, 40.0], [120.0, 35.0]]]}, "properties": {"n": 170, "tagged_fraction": 0.859, "denom_fraction": 0.053, "g_denom": 0.047, "g_religion": 0.812, "g_amenity_only": 0.141}}, {"type": "Feature", "geometry": {"type": "Polygon", "coordinates": [[[130.0, -10.0], [135.0, -10.0], [135.0, -5.0], [130.0, -5.0], [130.0, -10.0]]]}, "properties": {"n": 91, "tagged_fraction": 0.934, "denom_fraction": 0.055, "g_denom": 0.055, "g_religion": 0.879, "g_amenity_only": 0.066}}, {"type": "Feature", "geometry": {"type": "Polygon", "coordinates": [[[40.0, 5.0], [45.0, 5.0], [45.0, 10.0], [40.0, 10.0], [40.0, 5.0]]]}, "properties": {"n": 281, "tagged_fraction": 0.801, "denom_fraction": 0.388, "g_denom": 0.374, "g_religion": 0.427, "g_amenity_only": 0.199}}, {"type": "Feature", "geometry": {"type": "Polygon", "coordinates": [[[125.0, 40.0], [130.0, 40.0], [130.0, 45.0], [125.0, 45.0], [125.0, 40.0]]]}, "properties": {"n": 131, "tagged_fraction": 0.885, "denom_fraction": 0.115, "g_denom": 0.115, "g_religion": 0.763, "g_amenity_only": 0.122}}, {"type": "Feature", "geometry": {"type": "Polygon", "coordinates": [[[-15.0, 50.0], [-10.0, 50.0], [-10.0, 55.0], [-15.0, 55.0], [-15.0, 50.0]]]}, "properties": {"n": 57, "tagged_fraction": 0.965, "denom_fraction": 0.719, "g_denom": 0.719, "g_religion": 0.246, "g_amenity_only": 0.035}}, {"type": "Feature", "geometry": {"type": "Polygon", "coordinates": [[[35.0, 25.0], [40.0, 25.0], [40.0, 30.0], [35.0, 30.0], [35.0, 25.0]]]}, "properties": {"n": 736, "tagged_fraction": 0.993, "denom_fraction": 0.038, "g_denom": 0.038, "g_religion": 0.955, "g_amenity_only": 0.007}}, {"type": "Feature", "geometry": {"type": "Polygon", "coordinates": [[[115.0, -40.0], [120.0, -40.0], [120.0, -35.0], [115.0, -35.0], [115.0, -40.0]]]}, "properties": {"n": 13, "tagged_fraction": 0.923, "denom_fraction": 0.846, "g_denom": 0.692, "g_religion": 0.231, "g_amenity_only": 0.077}}, {"type": "Feature", "geometry": {"type": "Polygon", "coordinates": [[[50.0, 10.0], [55.0, 10.0], [55.0, 15.0], [50.0, 15.0], [50.0, 10.0]]]}, "properties": {"n": 34, "tagged_fraction": 1.0, "denom_fraction": 0.176, "g_denom": 0.176, "g_religion": 0.824, "g_amenity_only": 0.0}}, {"type": "Feature", "geometry": {"type": "Polygon", "coordinates": [[[80.0, 30.0], [85.0, 30.0], [85.0, 35.0], [80.0, 35.0], [80.0, 30.0]]]}, "properties": {"n": 144, "tagged_fraction": 0.896, "denom_fraction": 0.34, "g_denom": 0.34, "g_religion": 0.556, "g_amenity_only": 0.104}}, {"type": "Feature", "geometry": {"type": "Polygon", "coordinates": [[[120.0, -35.0], [125.0, -35.0], [125.0, -30.0], [120.0, -30.0], [120.0, -35.0]]]}, "properties": {"n": 13, "tagged_fraction": 0.923, "denom_fraction": 0.615, "g_denom": 0.615, "g_religion": 0.308, "g_amenity_only": 0.077}}, {"type": "Feature", "geometry": {"type": "Polygon", "coordinates": [[[145.0, -45.0], [150.0, -45.0], [150.0, -40.0], [145.0, -40.0], [145.0, -45.0]]]}, "properties": {"n": 282, "tagged_fraction": 0.901, "denom_fraction": 0.606, "g_denom": 0.582, "g_religion": 0.319, "g_amenity_only": 0.099}}, {"type": "Feature", "geometry": {"type": "Polygon", "coordinates": [[[105.0, 0.0], [110.0, 0.0], [110.0, 5.0], [105.0, 5.0], [105.0, 0.0]]]}, "properties": {"n": 285, "tagged_fraction": 0.968, "denom_fraction": 0.056, "g_denom": 0.056, "g_religion": 0.839, "g_amenity_only": 0.105}}, {"type": "Feature", "geometry": {"type": "Polygon", "coordinates": [[[140.0, -10.0], [145.0, -10.0], [145.0, -5.0], [140.0, -5.0], [140.0, -10.0]]]}, "properties": {"n": 1062, "tagged_fraction": 0.992, "denom_fraction": 0.767, "g_denom": 0.578, "g_religion": 0.413, "g_amenity_only": 0.008}}, {"type": "Feature", "geometry": {"type": "Polygon", "coordinates": [[[145.0, -10.0], [150.0, -10.0], [150.0, -5.0], [145.0, -5.0], [145.0, -10.0]]]}, "properties": {"n": 1226, "tagged_fraction": 0.993, "denom_fraction": 0.698, "g_denom": 0.601, "g_religion": 0.392, "g_amenity_only": 0.007}}, {"type": "Feature", "geometry": {"type": "Polygon", "coordinates": [[[45.0, -30.0], [50.0, -30.0], [50.0, -25.0], [45.0, -25.0], [45.0, -30.0]]]}, "properties": {"n": 28, "tagged_fraction": 0.607, "denom_fraction": 0.357, "g_denom": 0.357, "g_religion": 0.25, "g_amenity_only": 0.393}}, {"type": "Feature", "geometry": {"type": "Polygon", "coordinates": [[[-90.0, 5.0], [-85.0, 5.0], [-85.0, 10.0], [-90.0, 10.0], [-90.0, 5.0]]]}, "properties": {"n": 130, "tagged_fraction": 0.962, "denom_fraction": 0.869, "g_denom": 0.869, "g_religion": 0.092, "g_amenity_only": 0.038}}, {"type": "Feature", "geometry": {"type": "Polygon", "coordinates": [[[-75.0, -25.0], [-70.0, -25.0], [-70.0, -20.0], [-75.0, -20.0], [-75.0, -25.0]]]}, "properties": {"n": 46, "tagged_fraction": 0.826, "denom_fraction": 0.283, "g_denom": 0.239, "g_religion": 0.587, "g_amenity_only": 0.174}}, {"type": "Feature", "geometry": {"type": "Polygon", "coordinates": [[[85.0, 55.0], [90.0, 55.0], [90.0, 60.0], [85.0, 60.0], [85.0, 55.0]]]}, "properties": {"n": 114, "tagged_fraction": 0.877, "denom_fraction": 0.57, "g_denom": 0.561, "g_religion": 0.325, "g_amenity_only": 0.114}}, {"type": "Feature", "geometry": {"type": "Polygon", "coordinates": [[[-70.0, 5.0], [-65.0, 5.0], [-65.0, 10.0], [-70.0, 10.0], [-70.0, 5.0]]]}, "properties": {"n": 109, "tagged_fraction": 0.789, "denom_fraction": 0.468, "g_denom": 0.44, "g_religion": 0.349, "g_amenity_only": 0.211}}, {"type": "Feature", "geometry": {"type": "Polygon", "coordinates": [[[150.0, -5.0], [155.0, -5.0], [155.0, 0.0], [150.0, 0.0], [150.0, -5.0]]]}, "properties": {"n": 81, "tagged_fraction": 0.951, "denom_fraction": 0.765, "g_denom": 0.753, "g_religion": 0.198, "g_amenity_only": 0.049}}, {"type": "Feature", "geometry": {"type": "Polygon", "coordinates": [[[-70.0, -50.0], [-65.0, -50.0], [-65.0, -45.0], [-70.0, -45.0], [-70.0, -50.0]]]}, "properties": {"n": 75, "tagged_fraction": 0.853, "denom_fraction": 0.56, "g_denom": 0.56, "g_religion": 0.28, "g_amenity_only": 0.16}}, {"type": "Feature", "geometry": {"type": "Polygon", "coordinates": [[[10.0, -5.0], [15.0, -5.0], [15.0, 0.0], [10.0, 0.0], [10.0, -5.0]]]}, "properties": {"n": 180, "tagged_fraction": 0.772, "denom_fraction": 0.289, "g_denom": 0.278, "g_religion": 0.5, "g_amenity_only": 0.222}}, {"type": "Feature", "geometry": {"type": "Polygon", "coordinates": [[[55.0, 15.0], [60.0, 15.0], [60.0, 20.0], [55.0, 20.0], [55.0, 15.0]]]}, "properties": {"n": 59, "tagged_fraction": 0.814, "denom_fraction": 0.237, "g_denom": 0.237, "g_religion": 0.576, "g_amenity_only": 0.186}}, {"type": "Feature", "geometry": {"type": "Polygon", "coordinates": [[[-70.0, -15.0], [-65.0, -15.0], [-65.0, -10.0], [-70.0, -10.0], [-70.0, -15.0]]]}, "properties": {"n": 108, "tagged_fraction": 0.889, "denom_fraction": 0.444, "g_denom": 0.407, "g_religion": 0.481, "g_amenity_only": 0.111}}, {"type": "Feature", "geometry": {"type": "Polygon", "coordinates": [[[140.0, -35.0], [145.0, -35.0], [145.0, -30.0], [140.0, -30.0], [140.0, -35.0]]]}, "properties": {"n": 99, "tagged_fraction": 0.949, "denom_fraction": 0.768, "g_denom": 0.747, "g_religion": 0.202, "g_amenity_only": 0.051}}, {"type": "Feature", "geometry": {"type": "Polygon", "coordinates": [[[0.0, 60.0], [5.0, 60.0], [5.0, 65.0], [0.0, 65.0], [0.0, 60.0]]]}, "properties": {"n": 31, "tagged_fraction": 1.0, "denom_fraction": 0.903, "g_denom": 0.903, "g_religion": 0.097, "g_amenity_only": 0.0}}, {"type": "Feature", "geometry": {"type": "Polygon", "coordinates": [[[170.0, 0.0], [175.0, 0.0], [175.0, 5.0], [170.0, 5.0], [170.0, 0.0]]]}, "properties": {"n": 40, "tagged_fraction": 0.85, "denom_fraction": 0.45, "g_denom": 0.45, "g_religion": 0.35, "g_amenity_only": 0.2}}, {"type": "Feature", "geometry": {"type": "Polygon", "coordinates": [[[-80.0, 25.0], [-75.0, 25.0], [-75.0, 30.0], [-80.0, 30.0], [-80.0, 25.0]]]}, "properties": {"n": 301, "tagged_fraction": 0.924, "denom_fraction": 0.508, "g_denom": 0.419, "g_religion": 0.505, "g_amenity_only": 0.076}}, {"type": "Feature", "geometry": {"type": "Polygon", "coordinates": [[[90.0, 45.0], [95.0, 45.0], [95.0, 50.0], [90.0, 50.0], [90.0, 45.0]]]}, "properties": {"n": 28, "tagged_fraction": 0.393, "denom_fraction": 0.071, "g_denom": 0.071, "g_religion": 0.321, "g_amenity_only": 0.607}}, {"type": "Feature", "geometry": {"type": "Polygon", "coordinates": [[[130.0, -5.0], [135.0, -5.0], [135.0, 0.0], [130.0, 0.0], [130.0, -5.0]]]}, "properties": {"n": 550, "tagged_fraction": 0.998, "denom_fraction": 0.058, "g_denom": 0.058, "g_religion": 0.94, "g_amenity_only": 0.002}}, {"type": "Feature", "geometry": {"type": "Polygon", "coordinates": [[[-70.0, 10.0], [-65.0, 10.0], [-65.0, 15.0], [-70.0, 15.0], [-70.0, 10.0]]]}, "properties": {"n": 680, "tagged_fraction": 0.86, "denom_fraction": 0.501, "g_denom": 0.493, "g_religion": 0.375, "g_amenity_only": 0.132}}, {"type": "Feature", "geometry": {"type": "Polygon", "coordinates": [[[90.0, 40.0], [95.0, 40.0], [95.0, 45.0], [90.0, 45.0], [90.0, 40.0]]]}, "properties": {"n": 65, "tagged_fraction": 0.077, "denom_fraction": 0.0, "g_denom": 0.0, "g_religion": 0.077, "g_amenity_only": 0.923}}, {"type": "Feature", "geometry": {"type": "Polygon", "coordinates": [[[75.0, 60.0], [80.0, 60.0], [80.0, 65.0], [75.0, 65.0], [75.0, 60.0]]]}, "properties": {"n": 53, "tagged_fraction": 0.887, "denom_fraction": 0.66, "g_denom": 0.642, "g_religion": 0.245, "g_amenity_only": 0.113}}, {"type": "Feature", "geometry": {"type": "Polygon", "coordinates": [[[130.0, 45.0], [135.0, 45.0], [135.0, 50.0], [130.0, 50.0], [130.0, 45.0]]]}, "properties": {"n": 94, "tagged_fraction": 0.83, "denom_fraction": 0.117, "g_denom": 0.117, "g_religion": 0.723, "g_amenity_only": 0.16}}, {"type": "Feature", "geometry": {"type": "Polygon", "coordinates": [[[45.0, 15.0], [50.0, 15.0], [50.0, 20.0], [45.0, 20.0], [45.0, 15.0]]]}, "properties": {"n": 551, "tagged_fraction": 0.978, "denom_fraction": 0.085, "g_denom": 0.083, "g_religion": 0.895, "g_amenity_only": 0.022}}, {"type": "Feature", "geometry": {"type": "Polygon", "coordinates": [[[140.0, 45.0], [145.0, 45.0], [145.0, 50.0], [140.0, 50.0], [140.0, 45.0]]]}, "properties": {"n": 135, "tagged_fraction": 0.919, "denom_fraction": 0.356, "g_denom": 0.289, "g_religion": 0.607, "g_amenity_only": 0.104}}, {"type": "Feature", "geometry": {"type": "Polygon", "coordinates": [[[80.0, 55.0], [85.0, 55.0], [85.0, 60.0], [80.0, 60.0], [80.0, 55.0]]]}, "properties": {"n": 144, "tagged_fraction": 0.84, "denom_fraction": 0.625, "g_denom": 0.59, "g_religion": 0.257, "g_amenity_only": 0.153}}, {"type": "Feature", "geometry": {"type": "Polygon", "coordinates": [[[40.0, 60.0], [45.0, 60.0], [45.0, 65.0], [40.0, 65.0], [40.0, 60.0]]]}, "properties": {"n": 207, "tagged_fraction": 0.937, "denom_fraction": 0.768, "g_denom": 0.758, "g_religion": 0.179, "g_amenity_only": 0.063}}, {"type": "Feature", "geometry": {"type": "Polygon", "coordinates": [[[80.0, 40.0], [85.0, 40.0], [85.0, 45.0], [80.0, 45.0], [80.0, 40.0]]]}, "properties": {"n": 167, "tagged_fraction": 0.216, "denom_fraction": 0.03, "g_denom": 0.03, "g_religion": 0.186, "g_amenity_only": 0.784}}, {"type": "Feature", "geometry": {"type": "Polygon", "coordinates": [[[-75.0, 20.0], [-70.0, 20.0], [-70.0, 25.0], [-75.0, 25.0], [-75.0, 20.0]]]}, "properties": {"n": 62, "tagged_fraction": 0.71, "denom_fraction": 0.371, "g_denom": 0.355, "g_religion": 0.355, "g_amenity_only": 0.29}}, {"type": "Feature", "geometry": {"type": "Polygon", "coordinates": [[[80.0, 45.0], [85.0, 45.0], [85.0, 50.0], [80.0, 50.0], [80.0, 45.0]]]}, "properties": {"n": 125, "tagged_fraction": 0.92, "denom_fraction": 0.16, "g_denom": 0.16, "g_religion": 0.76, "g_amenity_only": 0.08}}, {"type": "Feature", "geometry": {"type": "Polygon", "coordinates": [[[120.0, 45.0], [125.0, 45.0], [125.0, 50.0], [120.0, 50.0], [120.0, 45.0]]]}, "properties": {"n": 31, "tagged_fraction": 0.968, "denom_fraction": 0.161, "g_denom": 0.161, "g_religion": 0.806, "g_amenity_only": 0.032}}, {"type": "Feature", "geometry": {"type": "Polygon", "coordinates": [[[105.0, 5.0], [110.0, 5.0], [110.0, 10.0], [105.0, 10.0], [105.0, 5.0]]]}, "properties": {"n": 281, "tagged_fraction": 0.808, "denom_fraction": 0.384, "g_denom": 0.359, "g_religion": 0.306, "g_amenity_only": 0.335}}, {"type": "Feature", "geometry": {"type": "Polygon", "coordinates": [[[95.0, -5.0], [100.0, -5.0], [100.0, 0.0], [95.0, 0.0], [95.0, -5.0]]]}, "properties": {"n": 26, "tagged_fraction": 0.885, "denom_fraction": 0.154, "g_denom": 0.154, "g_religion": 0.692, "g_amenity_only": 0.154}}, {"type": "Feature", "geometry": {"type": "Polygon", "coordinates": [[[-55.0, -20.0], [-50.0, -20.0], [-50.0, -15.0], [-55.0, -15.0], [-55.0, -20.0]]]}, "properties": {"n": 312, "tagged_fraction": 0.933, "denom_fraction": 0.599, "g_denom": 0.574, "g_religion": 0.356, "g_amenity_only": 0.071}}, {"type": "Feature", "geometry": {"type": "Polygon", "coordinates": [[[30.0, 20.0], [35.0, 20.0], [35.0, 25.0], [30.0, 25.0], [30.0, 20.0]]]}, "properties": {"n": 100, "tagged_fraction": 0.94, "denom_fraction": 0.1, "g_denom": 0.1, "g_religion": 0.83, "g_amenity_only": 0.07}}, {"type": "Feature", "geometry": {"type": "Polygon", "coordinates": [[[-70.0, 40.0], [-65.0, 40.0], [-65.0, 45.0], [-70.0, 45.0], [-70.0, 40.0]]]}, "properties": {"n": 900, "tagged_fraction": 0.718, "denom_fraction": 0.367, "g_denom": 0.293, "g_religion": 0.413, "g_amenity_only": 0.293}}, {"type": "Feature", "geometry": {"type": "Polygon", "coordinates": [[[-135.0, 55.0], [-130.0, 55.0], [-130.0, 60.0], [-135.0, 60.0], [-135.0, 55.0]]]}, "properties": {"n": 69, "tagged_fraction": 0.884, "denom_fraction": 0.493, "g_denom": 0.435, "g_religion": 0.507, "g_amenity_only": 0.058}}, {"type": "Feature", "geometry": {"type": "Polygon", "coordinates": [[[20.0, 10.0], [25.0, 10.0], [25.0, 15.0], [20.0, 15.0], [20.0, 10.0]]]}, "properties": {"n": 134, "tagged_fraction": 0.948, "denom_fraction": 0.075, "g_denom": 0.067, "g_religion": 0.881, "g_amenity_only": 0.052}}, {"type": "Feature", "geometry": {"type": "Polygon", "coordinates": [[[-50.0, -10.0], [-45.0, -10.0], [-45.0, -5.0], [-50.0, -5.0], [-50.0, -10.0]]]}, "properties": {"n": 240, "tagged_fraction": 0.85, "denom_fraction": 0.354, "g_denom": 0.35, "g_religion": 0.496, "g_amenity_only": 0.154}}, {"type": "Feature", "geometry": {"type": "Polygon", "coordinates": [[[70.0, 0.0], [75.0, 0.0], [75.0, 5.0], [70.0, 5.0], [70.0, 0.0]]]}, "properties": {"n": 141, "tagged_fraction": 0.965, "denom_fraction": 0.163, "g_denom": 0.156, "g_religion": 0.809, "g_amenity_only": 0.035}}, {"type": "Feature", "geometry": {"type": "Polygon", "coordinates": [[[165.0, -50.0], [170.0, -50.0], [170.0, -45.0], [165.0, -45.0], [165.0, -50.0]]]}, "properties": {"n": 134, "tagged_fraction": 0.769, "denom_fraction": 0.619, "g_denom": 0.575, "g_religion": 0.194, "g_amenity_only": 0.231}}, {"type": "Feature", "geometry": {"type": "Polygon", "coordinates": [[[-115.0, 35.0], [-110.0, 35.0], [-110.0, 40.0], [-115.0, 40.0], [-115.0, 35.0]]]}, "properties": {"n": 514, "tagged_fraction": 0.936, "denom_fraction": 0.8, "g_denom": 0.755, "g_religion": 0.181, "g_amenity_only": 0.064}}, {"type": "Feature", "geometry": {"type": "Polygon", "coordinates": [[[-55.0, -5.0], [-50.0, -5.0], [-50.0, 0.0], [-55.0, 0.0], [-55.0, -5.0]]]}, "properties": {"n": 206, "tagged_fraction": 0.806, "denom_fraction": 0.422, "g_denom": 0.398, "g_religion": 0.408, "g_amenity_only": 0.194}}, {"type": "Feature", "geometry": {"type": "Polygon", "coordinates": [[[15.0, 5.0], [20.0, 5.0], [20.0, 10.0], [15.0, 10.0], [15.0, 5.0]]]}, "properties": {"n": 137, "tagged_fraction": 0.854, "denom_fraction": 0.416, "g_denom": 0.409, "g_religion": 0.453, "g_amenity_only": 0.139}}, {"type": "Feature", "geometry": {"type": "Polygon", "coordinates": [[[-65.0, 45.0], [-60.0, 45.0], [-60.0, 50.0], [-65.0, 50.0], [-65.0, 45.0]]]}, "properties": {"n": 1384, "tagged_fraction": 0.441, "denom_fraction": 0.24, "g_denom": 0.229, "g_religion": 0.211, "g_amenity_only": 0.56}}, {"type": "Feature", "geometry": {"type": "Polygon", "coordinates": [[[120.0, 40.0], [125.0, 40.0], [125.0, 45.0], [120.0, 45.0], [120.0, 40.0]]]}, "properties": {"n": 277, "tagged_fraction": 0.913, "denom_fraction": 0.018, "g_denom": 0.018, "g_religion": 0.884, "g_amenity_only": 0.097}}, {"type": "Feature", "geometry": {"type": "Polygon", "coordinates": [[[115.0, 15.0], [120.0, 15.0], [120.0, 20.0], [115.0, 20.0], [115.0, 15.0]]]}, "properties": {"n": 145, "tagged_fraction": 0.91, "denom_fraction": 0.766, "g_denom": 0.572, "g_religion": 0.338, "g_amenity_only": 0.09}}, {"type": "Feature", "geometry": {"type": "Polygon", "coordinates": [[[100.0, 40.0], [105.0, 40.0], [105.0, 45.0], [100.0, 45.0], [100.0, 40.0]]]}, "properties": {"n": 9, "tagged_fraction": 0.556, "denom_fraction": 0.0, "g_denom": 0.0, "g_religion": 0.444, "g_amenity_only": 0.556}}, {"type": "Feature", "geometry": {"type": "Polygon", "coordinates": [[[55.0, -5.0], [60.0, -5.0], [60.0, 0.0], [55.0, 0.0], [55.0, -5.0]]]}, "properties": {"n": 60, "tagged_fraction": 0.867, "denom_fraction": 0.433, "g_denom": 0.417, "g_religion": 0.45, "g_amenity_only": 0.133}}, {"type": "Feature", "geometry": {"type": "Polygon", "coordinates": [[[-10.0, 55.0], [-5.0, 55.0], [-5.0, 60.0], [-10.0, 60.0], [-10.0, 55.0]]]}, "properties": {"n": 605, "tagged_fraction": 0.95, "denom_fraction": 0.711, "g_denom": 0.466, "g_religion": 0.484, "g_amenity_only": 0.05}}, {"type": "Feature", "geometry": {"type": "Polygon", "coordinates": [[[-85.0, -10.0], [-80.0, -10.0], [-80.0, -5.0], [-85.0, -5.0], [-85.0, -10.0]]]}, "properties": {"n": 215, "tagged_fraction": 0.953, "denom_fraction": 0.353, "g_denom": 0.353, "g_religion": 0.6, "g_amenity_only": 0.047}}, {"type": "Feature", "geometry": {"type": "Polygon", "coordinates": [[[40.0, -5.0], [45.0, -5.0], [45.0, 0.0], [40.0, 0.0], [40.0, -5.0]]]}, "properties": {"n": 135, "tagged_fraction": 0.963, "denom_fraction": 0.067, "g_denom": 0.067, "g_religion": 0.896, "g_amenity_only": 0.037}}, {"type": "Feature", "geometry": {"type": "Polygon", "coordinates": [[[15.0, 65.0], [20.0, 65.0], [20.0, 70.0], [15.0, 70.0], [15.0, 65.0]]]}, "properties": {"n": 244, "tagged_fraction": 0.98, "denom_fraction": 0.865, "g_denom": 0.861, "g_religion": 0.09, "g_amenity_only": 0.049}}, {"type": "Feature", "geometry": {"type": "Polygon", "coordinates": [[[-50.0, -15.0], [-45.0, -15.0], [-45.0, -10.0], [-50.0, -10.0], [-50.0, -15.0]]]}, "properties": {"n": 272, "tagged_fraction": 0.89, "denom_fraction": 0.412, "g_denom": 0.335, "g_religion": 0.559, "g_amenity_only": 0.107}}, {"type": "Feature", "geometry": {"type": "Polygon", "coordinates": [[[110.0, 50.0], [115.0, 50.0], [115.0, 55.0], [110.0, 55.0], [110.0, 50.0]]]}, "properties": {"n": 43, "tagged_fraction": 0.953, "denom_fraction": 0.372, "g_denom": 0.279, "g_religion": 0.674, "g_amenity_only": 0.047}}, {"type": "Feature", "geometry": {"type": "Polygon", "coordinates": [[[10.0, 60.0], [15.0, 60.0], [15.0, 65.0], [10.0, 65.0], [10.0, 60.0]]]}, "properties": {"n": 667, "tagged_fraction": 0.993, "denom_fraction": 0.882, "g_denom": 0.868, "g_religion": 0.123, "g_amenity_only": 0.009}}, {"type": "Feature", "geometry": {"type": "Polygon", "coordinates": [[[-110.0, 50.0], [-105.0, 50.0], [-105.0, 55.0], [-110.0, 55.0], [-110.0, 50.0]]]}, "properties": {"n": 391, "tagged_fraction": 0.711, "denom_fraction": 0.322, "g_denom": 0.281, "g_religion": 0.43, "g_amenity_only": 0.289}}, {"type": "Feature", "geometry": {"type": "Polygon", "coordinates": [[[90.0, 15.0], [95.0, 15.0], [95.0, 20.0], [90.0, 20.0], [90.0, 15.0]]]}, "properties": {"n": 691, "tagged_fraction": 0.776, "denom_fraction": 0.137, "g_denom": 0.133, "g_religion": 0.64, "g_amenity_only": 0.227}}, {"type": "Feature", "geometry": {"type": "Polygon", "coordinates": [[[145.0, -30.0], [150.0, -30.0], [150.0, -25.0], [145.0, -25.0], [145.0, -30.0]]]}, "properties": {"n": 54, "tagged_fraction": 0.963, "denom_fraction": 0.759, "g_denom": 0.741, "g_religion": 0.222, "g_amenity_only": 0.037}}, {"type": "Feature", "geometry": {"type": "Polygon", "coordinates": [[[5.0, -5.0], [10.0, -5.0], [10.0, 0.0], [5.0, 0.0], [5.0, -5.0]]]}, "properties": {"n": 14, "tagged_fraction": 1.0, "denom_fraction": 0.643, "g_denom": 0.571, "g_religion": 0.429, "g_amenity_only": 0.0}}, {"type": "Feature", "geometry": {"type": "Polygon", "coordinates": [[[115.0, -25.0], [120.0, -25.0], [120.0, -20.0], [115.0, -20.0], [115.0, -25.0]]]}, "properties": {"n": 13, "tagged_fraction": 0.769, "denom_fraction": 0.538, "g_denom": 0.462, "g_religion": 0.231, "g_amenity_only": 0.308}}, {"type": "Feature", "geometry": {"type": "Polygon", "coordinates": [[[70.0, 45.0], [75.0, 45.0], [75.0, 50.0], [70.0, 50.0], [70.0, 45.0]]]}, "properties": {"n": 57, "tagged_fraction": 1.0, "denom_fraction": 0.351, "g_denom": 0.333, "g_religion": 0.667, "g_amenity_only": 0.0}}, {"type": "Feature", "geometry": {"type": "Polygon", "coordinates": [[[-160.0, 70.0], [-155.0, 70.0], [-155.0, 75.0], [-160.0, 75.0], [-160.0, 70.0]]]}, "properties": {"n": 6, "tagged_fraction": 1.0, "denom_fraction": 0.833, "g_denom": 0.833, "g_religion": 0.167, "g_amenity_only": 0.0}}, {"type": "Feature", "geometry": {"type": "Polygon", "coordinates": [[[105.0, -15.0], [110.0, -15.0], [110.0, -10.0], [105.0, -10.0], [105.0, -15.0]]]}, "properties": {"n": 10, "tagged_fraction": 1.0, "denom_fraction": 0.1, "g_denom": 0.1, "g_religion": 0.9, "g_amenity_only": 0.0}}, {"type": "Feature", "geometry": {"type": "Polygon", "coordinates": [[[-140.0, -10.0], [-135.0, -10.0], [-135.0, -5.0], [-140.0, -5.0], [-140.0, -10.0]]]}, "properties": {"n": 13, "tagged_fraction": 0.846, "denom_fraction": 0.462, "g_denom": 0.462, "g_religion": 0.308, "g_amenity_only": 0.231}}, {"type": "Feature", "geometry": {"type": "Polygon", "coordinates": [[[20.0, 20.0], [25.0, 20.0], [25.0, 25.0], [20.0, 25.0], [20.0, 20.0]]]}, "properties": {"n": 46, "tagged_fraction": 1.0, "denom_fraction": 0.065, "g_denom": 0.065, "g_religion": 0.935, "g_amenity_only": 0.0}}, {"type": "Feature", "geometry": {"type": "Polygon", "coordinates": [[[125.0, 0.0], [130.0, 0.0], [130.0, 5.0], [125.0, 5.0], [125.0, 0.0]]]}, "properties": {"n": 581, "tagged_fraction": 0.916, "denom_fraction": 0.108, "g_denom": 0.108, "g_religion": 0.804, "g_amenity_only": 0.088}}, {"type": "Feature", "geometry": {"type": "Polygon", "coordinates": [[[-60.0, 0.0], [-55.0, 0.0], [-55.0, 5.0], [-60.0, 5.0], [-60.0, 0.0]]]}, "properties": {"n": 32, "tagged_fraction": 0.75, "denom_fraction": 0.344, "g_denom": 0.344, "g_religion": 0.406, "g_amenity_only": 0.25}}, {"type": "Feature", "geometry": {"type": "Polygon", "coordinates": [[[115.0, 50.0], [120.0, 50.0], [120.0, 55.0], [115.0, 55.0], [115.0, 50.0]]]}, "properties": {"n": 33, "tagged_fraction": 0.818, "denom_fraction": 0.424, "g_denom": 0.394, "g_religion": 0.424, "g_amenity_only": 0.182}}, {"type": "Feature", "geometry": {"type": "Polygon", "coordinates": [[[130.0, 40.0], [135.0, 40.0], [135.0, 45.0], [130.0, 45.0], [130.0, 40.0]]]}, "properties": {"n": 119, "tagged_fraction": 0.782, "denom_fraction": 0.378, "g_denom": 0.361, "g_religion": 0.42, "g_amenity_only": 0.218}}, {"type": "Feature", "geometry": {"type": "Polygon", "coordinates": [[[-70.0, -45.0], [-65.0, -45.0], [-65.0, -40.0], [-70.0, -40.0], [-70.0, -45.0]]]}, "properties": {"n": 63, "tagged_fraction": 0.81, "denom_fraction": 0.492, "g_denom": 0.397, "g_religion": 0.413, "g_amenity_only": 0.19}}, {"type": "Feature", "geometry": {"type": "Polygon", "coordinates": [[[-130.0, 55.0], [-125.0, 55.0], [-125.0, 60.0], [-130.0, 60.0], [-130.0, 55.0]]]}, "properties": {"n": 17, "tagged_fraction": 0.588, "denom_fraction": 0.176, "g_denom": 0.176, "g_religion": 0.412, "g_amenity_only": 0.412}}, {"type": "Feature", "geometry": {"type": "Polygon", "coordinates": [[[-160.0, 60.0], [-155.0, 60.0], [-155.0, 65.0], [-160.0, 65.0], [-160.0, 60.0]]]}, "properties": {"n": 7, "tagged_fraction": 0.571, "denom_fraction": 0.429, "g_denom": 0.429, "g_religion": 0.143, "g_amenity_only": 0.429}}, {"type": "Feature", "geometry": {"type": "Polygon", "coordinates": [[[55.0, -20.0], [60.0, -20.0], [60.0, -15.0], [55.0, -15.0], [55.0, -20.0]]]}, "properties": {"n": 5, "tagged_fraction": 1.0, "denom_fraction": 0.2, "g_denom": 0.2, "g_religion": 0.8, "g_amenity_only": 0.0}}, {"type": "Feature", "geometry": {"type": "Polygon", "coordinates": [[[-30.0, 35.0], [-25.0, 35.0], [-25.0, 40.0], [-30.0, 40.0], [-30.0, 35.0]]]}, "properties": {"n": 464, "tagged_fraction": 0.987, "denom_fraction": 0.761, "g_denom": 0.748, "g_religion": 0.239, "g_amenity_only": 0.013}}, {"type": "Feature", "geometry": {"type": "Polygon", "coordinates": [[[55.0, 40.0], [60.0, 40.0], [60.0, 45.0], [55.0, 45.0], [55.0, 40.0]]]}, "properties": {"n": 56, "tagged_fraction": 0.929, "denom_fraction": 0.661, "g_denom": 0.661, "g_religion": 0.268, "g_amenity_only": 0.071}}, {"type": "Feature", "geometry": {"type": "Polygon", "coordinates": [[[65.0, 50.0], [70.0, 50.0], [70.0, 55.0], [65.0, 55.0], [65.0, 50.0]]]}, "properties": {"n": 79, "tagged_fraction": 0.987, "denom_fraction": 0.278, "g_denom": 0.278, "g_religion": 0.709, "g_amenity_only": 0.013}}, {"type": "Feature", "geometry": {"type": "Polygon", "coordinates": [[[-65.0, -10.0], [-60.0, -10.0], [-60.0, -5.0], [-65.0, -5.0], [-65.0, -10.0]]]}, "properties": {"n": 83, "tagged_fraction": 0.711, "denom_fraction": 0.422, "g_denom": 0.386, "g_religion": 0.325, "g_amenity_only": 0.289}}, {"type": "Feature", "geometry": {"type": "Polygon", "coordinates": [[[120.0, 55.0], [125.0, 55.0], [125.0, 60.0], [120.0, 60.0], [120.0, 55.0]]]}, "properties": {"n": 12, "tagged_fraction": 1.0, "denom_fraction": 0.417, "g_denom": 0.417, "g_religion": 0.583, "g_amenity_only": 0.0}}, {"type": "Feature", "geometry": {"type": "Polygon", "coordinates": [[[-25.0, 10.0], [-20.0, 10.0], [-20.0, 15.0], [-25.0, 15.0], [-25.0, 10.0]]]}, "properties": {"n": 79, "tagged_fraction": 0.975, "denom_fraction": 0.519, "g_denom": 0.506, "g_religion": 0.468, "g_amenity_only": 0.025}}, {"type": "Feature", "geometry": {"type": "Polygon", "coordinates": [[[-50.0, 60.0], [-45.0, 60.0], [-45.0, 65.0], [-50.0, 65.0], [-50.0, 60.0]]]}, "properties": {"n": 16, "tagged_fraction": 1.0, "denom_fraction": 0.125, "g_denom": 0.125, "g_religion": 0.875, "g_amenity_only": 0.0}}, {"type": "Feature", "geometry": {"type": "Polygon", "coordinates": [[[80.0, 50.0], [85.0, 50.0], [85.0, 55.0], [80.0, 55.0], [80.0, 50.0]]]}, "properties": {"n": 348, "tagged_fraction": 0.951, "denom_fraction": 0.557, "g_denom": 0.549, "g_religion": 0.408, "g_amenity_only": 0.043}}, {"type": "Feature", "geometry": {"type": "Polygon", "coordinates": [[[140.0, 50.0], [145.0, 50.0], [145.0, 55.0], [140.0, 55.0], [140.0, 50.0]]]}, "properties": {"n": 10, "tagged_fraction": 0.8, "denom_fraction": 0.6, "g_denom": 0.6, "g_religion": 0.2, "g_amenity_only": 0.2}}, {"type": "Feature", "geometry": {"type": "Polygon", "coordinates": [[[135.0, -40.0], [140.0, -40.0], [140.0, -35.0], [135.0, -35.0], [135.0, -40.0]]]}, "properties": {"n": 134, "tagged_fraction": 0.918, "denom_fraction": 0.47, "g_denom": 0.425, "g_religion": 0.5, "g_amenity_only": 0.075}}, {"type": "Feature", "geometry": {"type": "Polygon", "coordinates": [[[-10.0, 15.0], [-5.0, 15.0], [-5.0, 20.0], [-10.0, 20.0], [-10.0, 15.0]]]}, "properties": {"n": 88, "tagged_fraction": 0.955, "denom_fraction": 0.136, "g_denom": 0.136, "g_religion": 0.818, "g_amenity_only": 0.045}}, {"type": "Feature", "geometry": {"type": "Polygon", "coordinates": [[[75.0, 45.0], [80.0, 45.0], [80.0, 50.0], [75.0, 50.0], [75.0, 45.0]]]}, "properties": {"n": 41, "tagged_fraction": 1.0, "denom_fraction": 0.341, "g_denom": 0.341, "g_religion": 0.659, "g_amenity_only": 0.0}}, {"type": "Feature", "geometry": {"type": "Polygon", "coordinates": [[[30.0, 5.0], [35.0, 5.0], [35.0, 10.0], [30.0, 10.0], [30.0, 5.0]]]}, "properties": {"n": 184, "tagged_fraction": 0.424, "denom_fraction": 0.31, "g_denom": 0.076, "g_religion": 0.348, "g_amenity_only": 0.576}}, {"type": "Feature", "geometry": {"type": "Polygon", "coordinates": [[[-125.0, 55.0], [-120.0, 55.0], [-120.0, 60.0], [-125.0, 60.0], [-125.0, 55.0]]]}, "properties": {"n": 53, "tagged_fraction": 0.585, "denom_fraction": 0.34, "g_denom": 0.34, "g_religion": 0.264, "g_amenity_only": 0.396}}, {"type": "Feature", "geometry": {"type": "Polygon", "coordinates": [[[0.0, 15.0], [5.0, 15.0], [5.0, 20.0], [0.0, 20.0], [0.0, 15.0]]]}, "properties": {"n": 30, "tagged_fraction": 0.933, "denom_fraction": 0.067, "g_denom": 0.067, "g_religion": 0.867, "g_amenity_only": 0.067}}, {"type": "Feature", "geometry": {"type": "Polygon", "coordinates": [[[10.0, -20.0], [15.0, -20.0], [15.0, -15.0], [10.0, -15.0], [10.0, -20.0]]]}, "properties": {"n": 52, "tagged_fraction": 0.923, "denom_fraction": 0.346, "g_denom": 0.346, "g_religion": 0.577, "g_amenity_only": 0.077}}, {"type": "Feature", "geometry": {"type": "Polygon", "coordinates": [[[-15.0, 20.0], [-10.0, 20.0], [-10.0, 25.0], [-15.0, 25.0], [-15.0, 20.0]]]}, "properties": {"n": 32, "tagged_fraction": 0.969, "denom_fraction": 0.344, "g_denom": 0.344, "g_religion": 0.625, "g_amenity_only": 0.031}}, {"type": "Feature", "geometry": {"type": "Polygon", "coordinates": [[[100.0, 50.0], [105.0, 50.0], [105.0, 55.0], [100.0, 55.0], [100.0, 50.0]]]}, "properties": {"n": 188, "tagged_fraction": 0.782, "denom_fraction": 0.447, "g_denom": 0.42, "g_religion": 0.356, "g_amenity_only": 0.223}}, {"type": "Feature", "geometry": {"type": "Polygon", "coordinates": [[[70.0, 50.0], [75.0, 50.0], [75.0, 55.0], [70.0, 55.0], [70.0, 50.0]]]}, "properties": {"n": 217, "tagged_fraction": 0.972, "denom_fraction": 0.424, "g_denom": 0.424, "g_religion": 0.548, "g_amenity_only": 0.028}}, {"type": "Feature", "geometry": {"type": "Polygon", "coordinates": [[[20.0, 15.0], [25.0, 15.0], [25.0, 20.0], [20.0, 20.0], [20.0, 15.0]]]}, "properties": {"n": 19, "tagged_fraction": 0.947, "denom_fraction": 0.053, "g_denom": 0.053, "g_religion": 0.895, "g_amenity_only": 0.053}}, {"type": "Feature", "geometry": {"type": "Polygon", "coordinates": [[[-120.0, 50.0], [-115.0, 50.0], [-115.0, 55.0], [-120.0, 55.0], [-120.0, 50.0]]]}, "properties": {"n": 151, "tagged_fraction": 0.649, "denom_fraction": 0.351, "g_denom": 0.331, "g_religion": 0.318, "g_amenity_only": 0.351}}, {"type": "Feature", "geometry": {"type": "Polygon", "coordinates": [[[125.0, 50.0], [130.0, 50.0], [130.0, 55.0], [125.0, 55.0], [125.0, 50.0]]]}, "properties": {"n": 39, "tagged_fraction": 0.923, "denom_fraction": 0.59, "g_denom": 0.59, "g_religion": 0.333, "g_amenity_only": 0.077}}, {"type": "Feature", "geometry": {"type": "Polygon", "coordinates": [[[-175.0, -20.0], [-170.0, -20.0], [-170.0, -15.0], [-175.0, -15.0], [-175.0, -20.0]]]}, "properties": {"n": 75, "tagged_fraction": 1.0, "denom_fraction": 0.347, "g_denom": 0.307, "g_religion": 0.693, "g_amenity_only": 0.0}}, {"type": "Feature", "geometry": {"type": "Polygon", "coordinates": [[[135.0, 40.0], [140.0, 40.0], [140.0, 45.0], [135.0, 45.0], [135.0, 40.0]]]}, "properties": {"n": 102, "tagged_fraction": 0.902, "denom_fraction": 0.098, "g_denom": 0.049, "g_religion": 0.853, "g_amenity_only": 0.098}}, {"type": "Feature", "geometry": {"type": "Polygon", "coordinates": [[[-65.0, -45.0], [-60.0, -45.0], [-60.0, -40.0], [-65.0, -40.0], [-65.0, -45.0]]]}, "properties": {"n": 47, "tagged_fraction": 0.872, "denom_fraction": 0.234, "g_denom": 0.234, "g_religion": 0.638, "g_amenity_only": 0.128}}, {"type": "Feature", "geometry": {"type": "Polygon", "coordinates": [[[20.0, -30.0], [25.0, -30.0], [25.0, -25.0], [20.0, -25.0], [20.0, -30.0]]]}, "properties": {"n": 108, "tagged_fraction": 0.88, "denom_fraction": 0.231, "g_denom": 0.148, "g_religion": 0.731, "g_amenity_only": 0.12}}, {"type": "Feature", "geometry": {"type": "Polygon", "coordinates": [[[125.0, 20.0], [130.0, 20.0], [130.0, 25.0], [125.0, 25.0], [125.0, 20.0]]]}, "properties": {"n": 27, "tagged_fraction": 0.296, "denom_fraction": 0.111, "g_denom": 0.037, "g_religion": 0.259, "g_amenity_only": 0.704}}, {"type": "Feature", "geometry": {"type": "Polygon", "coordinates": [[[-55.0, 45.0], [-50.0, 45.0], [-50.0, 50.0], [-55.0, 50.0], [-55.0, 45.0]]]}, "properties": {"n": 376, "tagged_fraction": 0.548, "denom_fraction": 0.375, "g_denom": 0.33, "g_religion": 0.223, "g_amenity_only": 0.447}}, {"type": "Feature", "geometry": {"type": "Polygon", "coordinates": [[[140.0, 60.0], [145.0, 60.0], [145.0, 65.0], [140.0, 65.0], [140.0, 60.0]]]}, "properties": {"n": 2, "tagged_fraction": 1.0, "denom_fraction": 0.5, "g_denom": 0.5, "g_religion": 0.5, "g_amenity_only": 0.0}}, {"type": "Feature", "geometry": {"type": "Polygon", "coordinates": [[[-120.0, 60.0], [-115.0, 60.0], [-115.0, 65.0], [-120.0, 65.0], [-120.0, 60.0]]]}, "properties": {"n": 15, "tagged_fraction": 0.867, "denom_fraction": 0.133, "g_denom": 0.133, "g_religion": 0.733, "g_amenity_only": 0.133}}, {"type": "Feature", "geometry": {"type": "Polygon", "coordinates": [[[-125.0, 50.0], [-120.0, 50.0], [-120.0, 55.0], [-125.0, 55.0], [-125.0, 50.0]]]}, "properties": {"n": 205, "tagged_fraction": 0.654, "denom_fraction": 0.254, "g_denom": 0.234, "g_religion": 0.424, "g_amenity_only": 0.341}}, {"type": "Feature", "geometry": {"type": "Polygon", "coordinates": [[[-100.0, 50.0], [-95.0, 50.0], [-95.0, 55.0], [-100.0, 55.0], [-100.0, 50.0]]]}, "properties": {"n": 302, "tagged_fraction": 0.391, "denom_fraction": 0.182, "g_denom": 0.166, "g_religion": 0.219, "g_amenity_only": 0.616}}, {"type": "Feature", "geometry": {"type": "Polygon", "coordinates": [[[-55.0, -10.0], [-50.0, -10.0], [-50.0, -5.0], [-55.0, -5.0], [-55.0, -10.0]]]}, "properties": {"n": 33, "tagged_fraction": 0.939, "denom_fraction": 0.303, "g_denom": 0.242, "g_religion": 0.697, "g_amenity_only": 0.061}}, {"type": "Feature", "geometry": {"type": "Polygon", "coordinates": [[[115.0, 10.0], [120.0, 10.0], [120.0, 15.0], [115.0, 15.0], [115.0, 10.0]]]}, "properties": {"n": 83, "tagged_fraction": 0.892, "denom_fraction": 0.506, "g_denom": 0.373, "g_religion": 0.518, "g_amenity_only": 0.108}}, {"type": "Feature", "geometry": {"type": "Polygon", "coordinates": [[[-55.0, 65.0], [-50.0, 65.0], [-50.0, 70.0], [-55.0, 70.0], [-55.0, 65.0]]]}, "properties": {"n": 36, "tagged_fraction": 0.944, "denom_fraction": 0.389, "g_denom": 0.306, "g_religion": 0.639, "g_amenity_only": 0.056}}, {"type": "Feature", "geometry": {"type": "Polygon", "coordinates": [[[-10.0, 0.0], [-5.0, 0.0], [-5.0, 5.0], [-10.0, 5.0], [-10.0, 0.0]]]}, "properties": {"n": 233, "tagged_fraction": 0.983, "denom_fraction": 0.33, "g_denom": 0.309, "g_religion": 0.674, "g_amenity_only": 0.017}}, {"type": "Feature", "geometry": {"type": "Polygon", "coordinates": [[[10.0, -15.0], [15.0, -15.0], [15.0, -10.0], [10.0, -10.0], [10.0, -15.0]]]}, "properties": {"n": 191, "tagged_fraction": 0.859, "denom_fraction": 0.576, "g_denom": 0.482, "g_religion": 0.382, "g_amenity_only": 0.136}}, {"type": "Feature", "geometry": {"type": "Polygon", "coordinates": [[[20.0, -5.0], [25.0, -5.0], [25.0, 0.0], [20.0, 0.0], [20.0, -5.0]]]}, "properties": {"n": 18, "tagged_fraction": 0.389, "denom_fraction": 0.056, "g_denom": 0.056, "g_religion": 0.333, "g_amenity_only": 0.611}}, {"type": "Feature", "geometry": {"type": "Polygon", "coordinates": [[[-10.0, -20.0], [-5.0, -20.0], [-5.0, -15.0], [-10.0, -15.0], [-10.0, -20.0]]]}, "properties": {"n": 6, "tagged_fraction": 1.0, "denom_fraction": 1.0, "g_denom": 0.833, "g_religion": 0.167, "g_amenity_only": 0.0}}, {"type": "Feature", "geometry": {"type": "Polygon", "coordinates": [[[20.0, -20.0], [25.0, -20.0], [25.0, -15.0], [20.0, -15.0], [20.0, -20.0]]]}, "properties": {"n": 50, "tagged_fraction": 0.86, "denom_fraction": 0.32, "g_denom": 0.28, "g_religion": 0.58, "g_amenity_only": 0.14}}, {"type": "Feature", "geometry": {"type": "Polygon", "coordinates": [[[165.0, -20.0], [170.0, -20.0], [170.0, -15.0], [165.0, -15.0], [165.0, -20.0]]]}, "properties": {"n": 213, "tagged_fraction": 0.911, "denom_fraction": 0.54, "g_denom": 0.437, "g_religion": 0.474, "g_amenity_only": 0.089}}, {"type": "Feature", "geometry": {"type": "Polygon", "coordinates": [[[125.0, 45.0], [130.0, 45.0], [130.0, 50.0], [125.0, 50.0], [125.0, 45.0]]]}, "properties": {"n": 102, "tagged_fraction": 0.912, "denom_fraction": 0.049, "g_denom": 0.049, "g_religion": 0.843, "g_amenity_only": 0.108}}, {"type": "Feature", "geometry": {"type": "Polygon", "coordinates": [[[-150.0, -20.0], [-145.0, -20.0], [-145.0, -15.0], [-150.0, -15.0], [-150.0, -20.0]]]}, "properties": {"n": 219, "tagged_fraction": 0.708, "denom_fraction": 0.457, "g_denom": 0.42, "g_religion": 0.26, "g_amenity_only": 0.32}}, {"type": "Feature", "geometry": {"type": "Polygon", "coordinates": [[[-120.0, 55.0], [-115.0, 55.0], [-115.0, 60.0], [-120.0, 60.0], [-120.0, 55.0]]]}, "properties": {"n": 105, "tagged_fraction": 0.676, "denom_fraction": 0.4, "g_denom": 0.362, "g_religion": 0.324, "g_amenity_only": 0.314}}, {"type": "Feature", "geometry": {"type": "Polygon", "coordinates": [[[-20.0, 20.0], [-15.0, 20.0], [-15.0, 25.0], [-20.0, 25.0], [-20.0, 20.0]]]}, "properties": {"n": 32, "tagged_fraction": 0.969, "denom_fraction": 0.188, "g_denom": 0.188, "g_religion": 0.781, "g_amenity_only": 0.031}}, {"type": "Feature", "geometry": {"type": "Polygon", "coordinates": [[[60.0, 40.0], [65.0, 40.0], [65.0, 45.0], [60.0, 45.0], [60.0, 40.0]]]}, "properties": {"n": 167, "tagged_fraction": 0.958, "denom_fraction": 0.707, "g_denom": 0.701, "g_religion": 0.257, "g_amenity_only": 0.042}}, {"type": "Feature", "geometry": {"type": "Polygon", "coordinates": [[[50.0, 45.0], [55.0, 45.0], [55.0, 50.0], [50.0, 50.0], [50.0, 45.0]]]}, "properties": {"n": 46, "tagged_fraction": 0.935, "denom_fraction": 0.065, "g_denom": 0.065, "g_religion": 0.87, "g_amenity_only": 0.065}}, {"type": "Feature", "geometry": {"type": "Polygon", "coordinates": [[[95.0, 40.0], [100.0, 40.0], [100.0, 45.0], [95.0, 45.0], [95.0, 40.0]]]}, "properties": {"n": 7, "tagged_fraction": 0.571, "denom_fraction": 0.143, "g_denom": 0.143, "g_religion": 0.429, "g_amenity_only": 0.429}}, {"type": "Feature", "geometry": {"type": "Polygon", "coordinates": [[[115.0, 55.0], [120.0, 55.0], [120.0, 60.0], [115.0, 60.0], [115.0, 55.0]]]}, "properties": {"n": 4, "tagged_fraction": 1.0, "denom_fraction": 0.75, "g_denom": 0.75, "g_religion": 0.25, "g_amenity_only": 0.0}}, {"type": "Feature", "geometry": {"type": "Polygon", "coordinates": [[[95.0, 45.0], [100.0, 45.0], [100.0, 50.0], [95.0, 50.0], [95.0, 45.0]]]}, "properties": {"n": 23, "tagged_fraction": 0.348, "denom_fraction": 0.043, "g_denom": 0.043, "g_religion": 0.217, "g_amenity_only": 0.739}}, {"type": "Feature", "geometry": {"type": "Polygon", "coordinates": [[[55.0, 45.0], [60.0, 45.0], [60.0, 50.0], [55.0, 50.0], [55.0, 45.0]]]}, "properties": {"n": 24, "tagged_fraction": 1.0, "denom_fraction": 0.333, "g_denom": 0.333, "g_religion": 0.667, "g_amenity_only": 0.0}}, {"type": "Feature", "geometry": {"type": "Polygon", "coordinates": [[[175.0, -45.0], [180.0, -45.0], [180.0, -40.0], [175.0, -40.0], [175.0, -45.0]]]}, "properties": {"n": 295, "tagged_fraction": 0.939, "denom_fraction": 0.814, "g_denom": 0.62, "g_religion": 0.319, "g_amenity_only": 0.061}}, {"type": "Feature", "geometry": {"type": "Polygon", "coordinates": [[[125.0, 55.0], [130.0, 55.0], [130.0, 60.0], [125.0, 60.0], [125.0, 55.0]]]}, "properties": {"n": 11, "tagged_fraction": 1.0, "denom_fraction": 0.455, "g_denom": 0.455, "g_religion": 0.545, "g_amenity_only": 0.0}}, {"type": "Feature", "geometry": {"type": "Polygon", "coordinates": [[[135.0, 50.0], [140.0, 50.0], [140.0, 55.0], [135.0, 55.0], [135.0, 50.0]]]}, "properties": {"n": 30, "tagged_fraction": 0.767, "denom_fraction": 0.5, "g_denom": 0.5, "g_religion": 0.267, "g_amenity_only": 0.233}}, {"type": "Feature", "geometry": {"type": "Polygon", "coordinates": [[[-5.0, 20.0], [0.0, 20.0], [0.0, 25.0], [-5.0, 25.0], [-5.0, 20.0]]]}, "properties": {"n": 1, "tagged_fraction": 1.0, "denom_fraction": 0.0, "g_denom": 0.0, "g_religion": 1.0, "g_amenity_only": 0.0}}, {"type": "Feature", "geometry": {"type": "Polygon", "coordinates": [[[-140.0, 60.0], [-135.0, 60.0], [-135.0, 65.0], [-140.0, 65.0], [-140.0, 60.0]]]}, "properties": {"n": 34, "tagged_fraction": 0.735, "denom_fraction": 0.324, "g_denom": 0.324, "g_religion": 0.412, "g_amenity_only": 0.265}}, {"type": "Feature", "geometry": {"type": "Polygon", "coordinates": [[[145.0, -25.0], [150.0, -25.0], [150.0, -20.0], [145.0, -20.0], [145.0, -25.0]]]}, "properties": {"n": 120, "tagged_fraction": 0.792, "denom_fraction": 0.458, "g_denom": 0.433, "g_religion": 0.35, "g_amenity_only": 0.217}}, {"type": "Feature", "geometry": {"type": "Polygon", "coordinates": [[[-60.0, -10.0], [-55.0, -10.0], [-55.0, -5.0], [-60.0, -5.0], [-60.0, -10.0]]]}, "properties": {"n": 47, "tagged_fraction": 0.638, "denom_fraction": 0.319, "g_denom": 0.319, "g_religion": 0.319, "g_amenity_only": 0.362}}, {"type": "Feature", "geometry": {"type": "Polygon", "coordinates": [[[-115.0, 20.0], [-110.0, 20.0], [-110.0, 25.0], [-115.0, 25.0], [-115.0, 20.0]]]}, "properties": {"n": 23, "tagged_fraction": 0.783, "denom_fraction": 0.304, "g_denom": 0.304, "g_religion": 0.478, "g_amenity_only": 0.217}}, {"type": "Feature", "geometry": {"type": "Polygon", "coordinates": [[[140.0, -25.0], [145.0, -25.0], [145.0, -20.0], [140.0, -20.0], [140.0, -25.0]]]}, "properties": {"n": 16, "tagged_fraction": 0.938, "denom_fraction": 0.812, "g_denom": 0.812, "g_religion": 0.125, "g_amenity_only": 0.062}}, {"type": "Feature", "geometry": {"type": "Polygon", "coordinates": [[[-115.0, 55.0], [-110.0, 55.0], [-110.0, 60.0], [-115.0, 60.0], [-115.0, 55.0]]]}, "properties": {"n": 13, "tagged_fraction": 0.923, "denom_fraction": 0.538, "g_denom": 0.385, "g_religion": 0.538, "g_amenity_only": 0.077}}, {"type": "Feature", "geometry": {"type": "Polygon", "coordinates": [[[-155.0, -20.0], [-150.0, -20.0], [-150.0, -15.0], [-155.0, -15.0], [-155.0, -20.0]]]}, "properties": {"n": 56, "tagged_fraction": 0.75, "denom_fraction": 0.643, "g_denom": 0.536, "g_religion": 0.196, "g_amenity_only": 0.268}}, {"type": "Feature", "geometry": {"type": "Polygon", "coordinates": [[[-70.0, -5.0], [-65.0, -5.0], [-65.0, 0.0], [-70.0, 0.0], [-70.0, -5.0]]]}, "properties": {"n": 62, "tagged_fraction": 0.758, "denom_fraction": 0.403, "g_denom": 0.403, "g_religion": 0.323, "g_amenity_only": 0.274}}, {"type": "Feature", "geometry": {"type": "Polygon", "coordinates": [[[-115.0, 60.0], [-110.0, 60.0], [-110.0, 65.0], [-115.0, 65.0], [-115.0, 60.0]]]}, "properties": {"n": 24, "tagged_fraction": 0.917, "denom_fraction": 0.75, "g_denom": 0.625, "g_religion": 0.292, "g_amenity_only": 0.083}}, {"type": "Feature", "geometry": {"type": "Polygon", "coordinates": [[[140.0, -5.0], [145.0, -5.0], [145.0, 0.0], [140.0, 0.0], [140.0, -5.0]]]}, "properties": {"n": 282, "tagged_fraction": 0.986, "denom_fraction": 0.77, "g_denom": 0.706, "g_religion": 0.28, "g_amenity_only": 0.014}}, {"type": "Feature", "geometry": {"type": "Polygon", "coordinates": [[[-150.0, 60.0], [-145.0, 60.0], [-145.0, 65.0], [-150.0, 65.0], [-150.0, 60.0]]]}, "properties": {"n": 298, "tagged_fraction": 0.966, "denom_fraction": 0.812, "g_denom": 0.591, "g_religion": 0.383, "g_amenity_only": 0.027}}, {"type": "Feature", "geometry": {"type": "Polygon", "coordinates": [[[100.0, 55.0], [105.0, 55.0], [105.0, 60.0], [100.0, 60.0], [100.0, 55.0]]]}, "properties": {"n": 27, "tagged_fraction": 0.852, "denom_fraction": 0.519, "g_denom": 0.519, "g_religion": 0.333, "g_amenity_only": 0.148}}, {"type": "Feature", "geometry": {"type": "Polygon", "coordinates": [[[-75.0, -5.0], [-70.0, -5.0], [-70.0, 0.0], [-75.0, 0.0], [-75.0, -5.0]]]}, "properties": {"n": 40, "tagged_fraction": 0.875, "denom_fraction": 0.35, "g_denom": 0.35, "g_religion": 0.55, "g_amenity_only": 0.1}}, {"type": "Feature", "geometry": {"type": "Polygon", "coordinates": [[[-90.0, 50.0], [-85.0, 50.0], [-85.0, 55.0], [-90.0, 55.0], [-90.0, 50.0]]]}, "properties": {"n": 8, "tagged_fraction": 1.0, "denom_fraction": 0.375, "g_denom": 0.375, "g_religion": 0.625, "g_amenity_only": 0.0}}, {"type": "Feature", "geometry": {"type": "Polygon", "coordinates": [[[175.0, -10.0], [180.0, -10.0], [180.0, -5.0], [175.0, -5.0], [175.0, -10.0]]]}, "properties": {"n": 14, "tagged_fraction": 0.786, "denom_fraction": 0.357, "g_denom": 0.286, "g_religion": 0.5, "g_amenity_only": 0.214}}, {"type": "Feature", "geometry": {"type": "Polygon", "coordinates": [[[-165.0, 60.0], [-160.0, 60.0], [-160.0, 65.0], [-165.0, 65.0], [-165.0, 60.0]]]}, "properties": {"n": 16, "tagged_fraction": 0.938, "denom_fraction": 0.75, "g_denom": 0.625, "g_religion": 0.312, "g_amenity_only": 0.062}}, {"type": "Feature", "geometry": {"type": "Polygon", "coordinates": [[[-130.0, 45.0], [-125.0, 45.0], [-125.0, 50.0], [-130.0, 50.0], [-130.0, 45.0]]]}, "properties": {"n": 17, "tagged_fraction": 0.941, "denom_fraction": 0.412, "g_denom": 0.412, "g_religion": 0.529, "g_amenity_only": 0.059}}, {"type": "Feature", "geometry": {"type": "Polygon", "coordinates": [[[25.0, 65.0], [30.0, 65.0], [30.0, 70.0], [25.0, 70.0], [25.0, 65.0]]]}, "properties": {"n": 145, "tagged_fraction": 0.966, "denom_fraction": 0.841, "g_denom": 0.731, "g_religion": 0.234, "g_amenity_only": 0.034}}, {"type": "Feature", "geometry": {"type": "Polygon", "coordinates": [[[-65.0, 30.0], [-60.0, 30.0], [-60.0, 35.0], [-65.0, 35.0], [-65.0, 30.0]]]}, "properties": {"n": 108, "tagged_fraction": 1.0, "denom_fraction": 0.954, "g_denom": 0.611, "g_religion": 0.389, "g_amenity_only": 0.0}}, {"type": "Feature", "geometry": {"type": "Polygon", "coordinates": [[[160.0, -10.0], [165.0, -10.0], [165.0, -5.0], [160.0, -5.0], [160.0, -10.0]]]}, "properties": {"n": 13, "tagged_fraction": 1.0, "denom_fraction": 0.846, "g_denom": 0.462, "g_religion": 0.538, "g_amenity_only": 0.0}}, {"type": "Feature", "geometry": {"type": "Polygon", "coordinates": [[[-150.0, 65.0], [-145.0, 65.0], [-145.0, 70.0], [-150.0, 70.0], [-150.0, 65.0]]]}, "properties": {"n": 5, "tagged_fraction": 1.0, "denom_fraction": 1.0, "g_denom": 0.4, "g_religion": 0.6, "g_amenity_only": 0.0}}, {"type": "Feature", "geometry": {"type": "Polygon", "coordinates": [[[15.0, -30.0], [20.0, -30.0], [20.0, -25.0], [15.0, -25.0], [15.0, -30.0]]]}, "properties": {"n": 51, "tagged_fraction": 0.922, "denom_fraction": 0.373, "g_denom": 0.333, "g_religion": 0.588, "g_amenity_only": 0.078}}, {"type": "Feature", "geometry": {"type": "Polygon", "coordinates": [[[155.0, 50.0], [160.0, 50.0], [160.0, 55.0], [155.0, 55.0], [155.0, 50.0]]]}, "properties": {"n": 28, "tagged_fraction": 0.929, "denom_fraction": 0.607, "g_denom": 0.607, "g_religion": 0.321, "g_amenity_only": 0.071}}, {"type": "Feature", "geometry": {"type": "Polygon", "coordinates": [[[120.0, 50.0], [125.0, 50.0], [125.0, 55.0], [120.0, 55.0], [120.0, 50.0]]]}, "properties": {"n": 7, "tagged_fraction": 0.714, "denom_fraction": 0.429, "g_denom": 0.429, "g_religion": 0.286, "g_amenity_only": 0.286}}, {"type": "Feature", "geometry": {"type": "Polygon", "coordinates": [[[90.0, 55.0], [95.0, 55.0], [95.0, 60.0], [90.0, 60.0], [90.0, 55.0]]]}, "properties": {"n": 113, "tagged_fraction": 0.947, "denom_fraction": 0.779, "g_denom": 0.735, "g_religion": 0.212, "g_amenity_only": 0.053}}, {"type": "Feature", "geometry": {"type": "Polygon", "coordinates": [[[155.0, 5.0], [160.0, 5.0], [160.0, 10.0], [155.0, 10.0], [155.0, 5.0]]]}, "properties": {"n": 20, "tagged_fraction": 0.7, "denom_fraction": 0.35, "g_denom": 0.35, "g_religion": 0.35, "g_amenity_only": 0.3}}, {"type": "Feature", "geometry": {"type": "Polygon", "coordinates": [[[150.0, -40.0], [155.0, -40.0], [155.0, -35.0], [150.0, -35.0], [150.0, -40.0]]]}, "properties": {"n": 31, "tagged_fraction": 0.968, "denom_fraction": 0.645, "g_denom": 0.645, "g_religion": 0.323, "g_amenity_only": 0.032}}, {"type": "Feature", "geometry": {"type": "Polygon", "coordinates": [[[100.0, -10.0], [105.0, -10.0], [105.0, -5.0], [100.0, -5.0], [100.0, -10.0]]]}, "properties": {"n": 373, "tagged_fraction": 0.984, "denom_fraction": 0.011, "g_denom": 0.011, "g_religion": 0.973, "g_amenity_only": 0.016}}, {"type": "Feature", "geometry": {"type": "Polygon", "coordinates": [[[85.0, 30.0], [90.0, 30.0], [90.0, 35.0], [85.0, 35.0], [85.0, 30.0]]]}, "properties": {"n": 28, "tagged_fraction": 1.0, "denom_fraction": 0.643, "g_denom": 0.643, "g_religion": 0.357, "g_amenity_only": 0.0}}, {"type": "Feature", "geometry": {"type": "Polygon", "coordinates": [[[-95.0, 20.0], [-90.0, 20.0], [-90.0, 25.0], [-95.0, 25.0], [-95.0, 20.0]]]}, "properties": {"n": 51, "tagged_fraction": 0.902, "denom_fraction": 0.333, "g_denom": 0.333, "g_religion": 0.569, "g_amenity_only": 0.098}}, {"type": "Feature", "geometry": {"type": "Polygon", "coordinates": [[[170.0, -50.0], [175.0, -50.0], [175.0, -45.0], [170.0, -45.0], [170.0, -50.0]]]}, "properties": {"n": 130, "tagged_fraction": 0.854, "denom_fraction": 0.731, "g_denom": 0.708, "g_religion": 0.138, "g_amenity_only": 0.154}}, {"type": "Feature", "geometry": {"type": "Polygon", "coordinates": [[[55.0, 60.0], [60.0, 60.0], [60.0, 65.0], [55.0, 65.0], [55.0, 60.0]]]}, "properties": {"n": 42, "tagged_fraction": 0.952, "denom_fraction": 0.881, "g_denom": 0.857, "g_religion": 0.095, "g_amenity_only": 0.048}}, {"type": "Feature", "geometry": {"type": "Polygon", "coordinates": [[[110.0, 40.0], [115.0, 40.0], [115.0, 45.0], [110.0, 45.0], [110.0, 40.0]]]}, "properties": {"n": 191, "tagged_fraction": 0.853, "denom_fraction": 0.058, "g_denom": 0.058, "g_religion": 0.78, "g_amenity_only": 0.162}}, {"type": "Feature", "geometry": {"type": "Polygon", "coordinates": [[[-25.0, 60.0], [-20.0, 60.0], [-20.0, 65.0], [-25.0, 65.0], [-25.0, 60.0]]]}, "properties": {"n": 170, "tagged_fraction": 0.994, "denom_fraction": 0.476, "g_denom": 0.441, "g_religion": 0.553, "g_amenity_only": 0.006}}, {"type": "Feature", "geometry": {"type": "Polygon", "coordinates": [[[-180.0, -25.0], [-175.0, -25.0], [-175.0, -20.0], [-180.0, -20.0], [-180.0, -25.0]]]}, "properties": {"n": 256, "tagged_fraction": 0.984, "denom_fraction": 0.273, "g_denom": 0.262, "g_religion": 0.723, "g_amenity_only": 0.016}}, {"type": "Feature", "geometry": {"type": "Polygon", "coordinates": [[[160.0, 5.0], [165.0, 5.0], [165.0, 10.0], [160.0, 10.0], [160.0, 5.0]]]}, "properties": {"n": 5, "tagged_fraction": 0.4, "denom_fraction": 0.2, "g_denom": 0.2, "g_religion": 0.2, "g_amenity_only": 0.6}}, {"type": "Feature", "geometry": {"type": "Polygon", "coordinates": [[[40.0, -35.0], [45.0, -35.0], [45.0, -30.0], [40.0, -30.0], [40.0, -35.0]]]}, "properties": {"n": 1, "tagged_fraction": 0.0, "denom_fraction": 0.0, "g_denom": 0.0, "g_religion": 0.0, "g_amenity_only": 1.0}}, {"type": "Feature", "geometry": {"type": "Polygon", "coordinates": [[[145.0, 15.0], [150.0, 15.0], [150.0, 20.0], [145.0, 20.0], [145.0, 15.0]]]}, "properties": {"n": 9, "tagged_fraction": 1.0, "denom_fraction": 0.333, "g_denom": 0.333, "g_religion": 0.667, "g_amenity_only": 0.0}}, {"type": "Feature", "geometry": {"type": "Polygon", "coordinates": [[[130.0, 25.0], [135.0, 25.0], [135.0, 30.0], [130.0, 30.0], [130.0, 25.0]]]}, "properties": {"n": 8, "tagged_fraction": 1.0, "denom_fraction": 0.0, "g_denom": 0.0, "g_religion": 1.0, "g_amenity_only": 0.0}}, {"type": "Feature", "geometry": {"type": "Polygon", "coordinates": [[[-125.0, 30.0], [-120.0, 30.0], [-120.0, 35.0], [-125.0, 35.0], [-125.0, 30.0]]]}, "properties": {"n": 122, "tagged_fraction": 0.975, "denom_fraction": 0.598, "g_denom": 0.5, "g_religion": 0.475, "g_amenity_only": 0.025}}, {"type": "Feature", "geometry": {"type": "Polygon", "coordinates": [[[-100.0, 55.0], [-95.0, 55.0], [-95.0, 60.0], [-100.0, 60.0], [-100.0, 55.0]]]}, "properties": {"n": 20, "tagged_fraction": 0.8, "denom_fraction": 0.65, "g_denom": 0.5, "g_religion": 0.3, "g_amenity_only": 0.2}}, {"type": "Feature", "geometry": {"type": "Polygon", "coordinates": [[[20.0, 65.0], [25.0, 65.0], [25.0, 70.0], [20.0, 70.0], [20.0, 65.0]]]}, "properties": {"n": 235, "tagged_fraction": 0.962, "denom_fraction": 0.8, "g_denom": 0.774, "g_religion": 0.187, "g_amenity_only": 0.038}}, {"type": "Feature", "geometry": {"type": "Polygon", "coordinates": [[[-95.0, 50.0], [-90.0, 50.0], [-90.0, 55.0], [-95.0, 55.0], [-95.0, 50.0]]]}, "properties": {"n": 32, "tagged_fraction": 0.719, "denom_fraction": 0.469, "g_denom": 0.438, "g_religion": 0.281, "g_amenity_only": 0.281}}, {"type": "Feature", "geometry": {"type": "Polygon", "coordinates": [[[-175.0, 60.0], [-170.0, 60.0], [-170.0, 65.0], [-175.0, 65.0], [-175.0, 60.0]]]}, "properties": {"n": 4, "tagged_fraction": 1.0, "denom_fraction": 0.75, "g_denom": 0.75, "g_religion": 0.25, "g_amenity_only": 0.0}}, {"type": "Feature", "geometry": {"type": "Polygon", "coordinates": [[[-155.0, 55.0], [-150.0, 55.0], [-150.0, 60.0], [-155.0, 60.0], [-155.0, 55.0]]]}, "properties": {"n": 36, "tagged_fraction": 0.917, "denom_fraction": 0.611, "g_denom": 0.611, "g_religion": 0.333, "g_amenity_only": 0.056}}, {"type": "Feature", "geometry": {"type": "Polygon", "coordinates": [[[20.0, 25.0], [25.0, 25.0], [25.0, 30.0], [20.0, 30.0], [20.0, 25.0]]]}, "properties": {"n": 71, "tagged_fraction": 0.972, "denom_fraction": 0.099, "g_denom": 0.099, "g_religion": 0.873, "g_amenity_only": 0.028}}, {"type": "Feature", "geometry": {"type": "Polygon", "coordinates": [[[-10.0, 60.0], [-5.0, 60.0], [-5.0, 65.0], [-10.0, 65.0], [-10.0, 60.0]]]}, "properties": {"n": 106, "tagged_fraction": 0.962, "denom_fraction": 0.613, "g_denom": 0.462, "g_religion": 0.5, "g_amenity_only": 0.038}}, {"type": "Feature", "geometry": {"type": "Polygon", "coordinates": [[[60.0, 45.0], [65.0, 45.0], [65.0, 50.0], [60.0, 50.0], [60.0, 45.0]]]}, "properties": {"n": 41, "tagged_fraction": 0.951, "denom_fraction": 0.366, "g_denom": 0.366, "g_religion": 0.585, "g_amenity_only": 0.049}}, {"type": "Feature", "geometry": {"type": "Polygon", "coordinates": [[[-170.0, 60.0], [-165.0, 60.0], [-165.0, 65.0], [-170.0, 65.0], [-170.0, 60.0]]]}, "properties": {"n": 7, "tagged_fraction": 0.857, "denom_fraction": 0.714, "g_denom": 0.714, "g_religion": 0.143, "g_amenity_only": 0.143}}, {"type": "Feature", "geometry": {"type": "Polygon", "coordinates": [[[130.0, -30.0], [135.0, -30.0], [135.0, -25.0], [130.0, -25.0], [130.0, -30.0]]]}, "properties": {"n": 10, "tagged_fraction": 0.8, "denom_fraction": 0.5, "g_denom": 0.5, "g_religion": 0.3, "g_amenity_only": 0.2}}, {"type": "Feature", "geometry": {"type": "Polygon", "coordinates": [[[-20.0, 65.0], [-15.0, 65.0], [-15.0, 70.0], [-20.0, 70.0], [-20.0, 65.0]]]}, "properties": {"n": 87, "tagged_fraction": 1.0, "denom_fraction": 0.333, "g_denom": 0.322, "g_religion": 0.678, "g_amenity_only": 0.0}}, {"type": "Feature", "geometry": {"type": "Polygon", "coordinates": [[[85.0, 65.0], [90.0, 65.0], [90.0, 70.0], [85.0, 70.0], [85.0, 65.0]]]}, "properties": {"n": 13, "tagged_fraction": 1.0, "denom_fraction": 0.846, "g_denom": 0.846, "g_religion": 0.154, "g_amenity_only": 0.0}}, {"type": "Feature", "geometry": {"type": "Polygon", "coordinates": [[[35.0, -25.0], [40.0, -25.0], [40.0, -20.0], [35.0, -20.0], [35.0, -25.0]]]}, "properties": {"n": 31, "tagged_fraction": 0.839, "denom_fraction": 0.452, "g_denom": 0.452, "g_religion": 0.387, "g_amenity_only": 0.161}}, {"type": "Feature", "geometry": {"type": "Polygon", "coordinates": [[[140.0, 10.0], [145.0, 10.0], [145.0, 15.0], [140.0, 15.0], [140.0, 10.0]]]}, "properties": {"n": 85, "tagged_fraction": 0.6, "denom_fraction": 0.271, "g_denom": 0.247, "g_religion": 0.376, "g_amenity_only": 0.376}}, {"type": "Feature", "geometry": {"type": "Polygon", "coordinates": [[[-110.0, 55.0], [-105.0, 55.0], [-105.0, 60.0], [-110.0, 60.0], [-110.0, 55.0]]]}, "properties": {"n": 13, "tagged_fraction": 0.923, "denom_fraction": 0.615, "g_denom": 0.538, "g_religion": 0.385, "g_amenity_only": 0.077}}, {"type": "Feature", "geometry": {"type": "Polygon", "coordinates": [[[155.0, -10.0], [160.0, -10.0], [160.0, -5.0], [155.0, -5.0], [155.0, -10.0]]]}, "properties": {"n": 45, "tagged_fraction": 0.933, "denom_fraction": 0.733, "g_denom": 0.511, "g_religion": 0.4, "g_amenity_only": 0.089}}, {"type": "Feature", "geometry": {"type": "Polygon", "coordinates": [[[25.0, 70.0], [30.0, 70.0], [30.0, 75.0], [25.0, 75.0], [25.0, 70.0]]]}, "properties": {"n": 46, "tagged_fraction": 1.0, "denom_fraction": 0.913, "g_denom": 0.87, "g_religion": 0.13, "g_amenity_only": 0.0}}, {"type": "Feature", "geometry": {"type": "Polygon", "coordinates": [[[145.0, 40.0], [150.0, 40.0], [150.0, 45.0], [145.0, 45.0], [145.0, 40.0]]]}, "properties": {"n": 91, "tagged_fraction": 0.956, "denom_fraction": 0.088, "g_denom": 0.055, "g_religion": 0.901, "g_amenity_only": 0.044}}, {"type": "Feature", "geometry": {"type": "Polygon", "coordinates": [[[-165.0, 65.0], [-160.0, 65.0], [-160.0, 70.0], [-165.0, 70.0], [-165.0, 65.0]]]}, "properties": {"n": 10, "tagged_fraction": 1.0, "denom_fraction": 0.7, "g_denom": 0.7, "g_religion": 0.3, "g_amenity_only": 0.0}}, {"type": "Feature", "geometry": {"type": "Polygon", "coordinates": [[[10.0, 20.0], [15.0, 20.0], [15.0, 25.0], [10.0, 25.0], [10.0, 20.0]]]}, "properties": {"n": 36, "tagged_fraction": 0.972, "denom_fraction": 0.194, "g_denom": 0.194, "g_religion": 0.778, "g_amenity_only": 0.028}}, {"type": "Feature", "geometry": {"type": "Polygon", "coordinates": [[[30.0, -35.0], [35.0, -35.0], [35.0, -30.0], [30.0, -30.0], [30.0, -35.0]]]}, "properties": {"n": 58, "tagged_fraction": 0.931, "denom_fraction": 0.483, "g_denom": 0.397, "g_religion": 0.534, "g_amenity_only": 0.069}}, {"type": "Feature", "geometry": {"type": "Polygon", "coordinates": [[[150.0, 5.0], [155.0, 5.0], [155.0, 10.0], [150.0, 10.0], [150.0, 5.0]]]}, "properties": {"n": 62, "tagged_fraction": 0.952, "denom_fraction": 0.903, "g_denom": 0.839, "g_religion": 0.113, "g_amenity_only": 0.048}}, {"type": "Feature", "geometry": {"type": "Polygon", "coordinates": [[[165.0, -25.0], [170.0, -25.0], [170.0, -20.0], [165.0, -20.0], [165.0, -25.0]]]}, "properties": {"n": 137, "tagged_fraction": 0.825, "denom_fraction": 0.394, "g_denom": 0.387, "g_religion": 0.445, "g_amenity_only": 0.168}}, {"type": "Feature", "geometry": {"type": "Polygon", "coordinates": [[[105.0, 40.0], [110.0, 40.0], [110.0, 45.0], [105.0, 45.0], [105.0, 40.0]]]}, "properties": {"n": 39, "tagged_fraction": 0.744, "denom_fraction": 0.051, "g_denom": 0.051, "g_religion": 0.692, "g_amenity_only": 0.256}}, {"type": "Feature", "geometry": {"type": "Polygon", "coordinates": [[[65.0, 65.0], [70.0, 65.0], [70.0, 70.0], [65.0, 70.0], [65.0, 65.0]]]}, "properties": {"n": 11, "tagged_fraction": 1.0, "denom_fraction": 0.636, "g_denom": 0.636, "g_religion": 0.364, "g_amenity_only": 0.0}}, {"type": "Feature", "geometry": {"type": "Polygon", "coordinates": [[[165.0, 5.0], [170.0, 5.0], [170.0, 10.0], [165.0, 10.0], [165.0, 5.0]]]}, "properties": {"n": 5, "tagged_fraction": 1.0, "denom_fraction": 0.2, "g_denom": 0.2, "g_religion": 0.8, "g_amenity_only": 0.0}}, {"type": "Feature", "geometry": {"type": "Polygon", "coordinates": [[[20.0, -25.0], [25.0, -25.0], [25.0, -20.0], [20.0, -20.0], [20.0, -25.0]]]}, "properties": {"n": 15, "tagged_fraction": 0.933, "denom_fraction": 0.267, "g_denom": 0.2, "g_religion": 0.733, "g_amenity_only": 0.067}}, {"type": "Feature", "geometry": {"type": "Polygon", "coordinates": [[[110.0, -25.0], [115.0, -25.0], [115.0, -20.0], [110.0, -20.0], [110.0, -25.0]]]}, "properties": {"n": 6, "tagged_fraction": 0.833, "denom_fraction": 0.5, "g_denom": 0.5, "g_religion": 0.333, "g_amenity_only": 0.167}}, {"type": "Feature", "geometry": {"type": "Polygon", "coordinates": [[[75.0, 50.0], [80.0, 50.0], [80.0, 55.0], [75.0, 55.0], [75.0, 50.0]]]}, "properties": {"n": 113, "tagged_fraction": 0.965, "denom_fraction": 0.336, "g_denom": 0.336, "g_religion": 0.628, "g_amenity_only": 0.035}}, {"type": "Feature", "geometry": {"type": "Polygon", "coordinates": [[[-85.0, 15.0], [-80.0, 15.0], [-80.0, 20.0], [-85.0, 20.0], [-85.0, 15.0]]]}, "properties": {"n": 56, "tagged_fraction": 0.893, "denom_fraction": 0.464, "g_denom": 0.411, "g_religion": 0.482, "g_amenity_only": 0.107}}, {"type": "Feature", "geometry": {"type": "Polygon", "coordinates": [[[-35.0, -80.0], [-30.0, -80.0], [-30.0, -75.0], [-35.0, -75.0], [-35.0, -80.0]]]}, "properties": {"n": 1, "tagged_fraction": 1.0, "denom_fraction": 1.0, "g_denom": 1.0, "g_religion": 0.0, "g_amenity_only": 0.0}}, {"type": "Feature", "geometry": {"type": "Polygon", "coordinates": [[[25.0, 5.0], [30.0, 5.0], [30.0, 10.0], [25.0, 10.0], [25.0, 5.0]]]}, "properties": {"n": 61, "tagged_fraction": 0.951, "denom_fraction": 0.311, "g_denom": 0.311, "g_religion": 0.639, "g_amenity_only": 0.049}}, {"type": "Feature", "geometry": {"type": "Polygon", "coordinates": [[[90.0, 10.0], [95.0, 10.0], [95.0, 15.0], [90.0, 15.0], [90.0, 10.0]]]}, "properties": {"n": 49, "tagged_fraction": 0.633, "denom_fraction": 0.02, "g_denom": 0.02, "g_religion": 0.592, "g_amenity_only": 0.388}}, {"type": "Feature", "geometry": {"type": "Polygon", "coordinates": [[[-95.0, -5.0], [-90.0, -5.0], [-90.0, 0.0], [-95.0, 0.0], [-95.0, -5.0]]]}, "properties": {"n": 21, "tagged_fraction": 1.0, "denom_fraction": 0.905, "g_denom": 0.857, "g_religion": 0.143, "g_amenity_only": 0.0}}, {"type": "Feature", "geometry": {"type": "Polygon", "coordinates": [[[60.0, 65.0], [65.0, 65.0], [65.0, 70.0], [60.0, 70.0], [60.0, 65.0]]]}, "properties": {"n": 9, "tagged_fraction": 0.889, "denom_fraction": 0.889, "g_denom": 0.889, "g_religion": 0.0, "g_amenity_only": 0.111}}, {"type": "Feature", "geometry": {"type": "Polygon", "coordinates": [[[-95.0, 55.0], [-90.0, 55.0], [-90.0, 60.0], [-95.0, 60.0], [-95.0, 55.0]]]}, "properties": {"n": 8, "tagged_fraction": 0.75, "denom_fraction": 0.375, "g_denom": 0.375, "g_religion": 0.375, "g_amenity_only": 0.25}}, {"type": "Feature", "geometry": {"type": "Polygon", "coordinates": [[[-60.0, 50.0], [-55.0, 50.0], [-55.0, 55.0], [-60.0, 55.0], [-60.0, 50.0]]]}, "properties": {"n": 108, "tagged_fraction": 0.231, "denom_fraction": 0.13, "g_denom": 0.13, "g_religion": 0.102, "g_amenity_only": 0.769}}, {"type": "Feature", "geometry": {"type": "Polygon", "coordinates": [[[-110.0, 65.0], [-105.0, 65.0], [-105.0, 70.0], [-110.0, 70.0], [-110.0, 65.0]]]}, "properties": {"n": 5, "tagged_fraction": 0.8, "denom_fraction": 0.6, "g_denom": 0.6, "g_religion": 0.2, "g_amenity_only": 0.2}}, {"type": "Feature", "geometry": {"type": "Polygon", "coordinates": [[[10.0, 65.0], [15.0, 65.0], [15.0, 70.0], [10.0, 70.0], [10.0, 65.0]]]}, "properties": {"n": 175, "tagged_fraction": 1.0, "denom_fraction": 0.886, "g_denom": 0.857, "g_religion": 0.143, "g_amenity_only": 0.0}}, {"type": "Feature", "geometry": {"type": "Polygon", "coordinates": [[[-135.0, 60.0], [-130.0, 60.0], [-130.0, 65.0], [-135.0, 65.0], [-135.0, 60.0]]]}, "properties": {"n": 4, "tagged_fraction": 0.75, "denom_fraction": 0.25, "g_denom": 0.25, "g_religion": 0.5, "g_amenity_only": 0.25}}, {"type": "Feature", "geometry": {"type": "Polygon", "coordinates": [[[65.0, 60.0], [70.0, 60.0], [70.0, 65.0], [65.0, 65.0], [65.0, 60.0]]]}, "properties": {"n": 34, "tagged_fraction": 0.971, "denom_fraction": 0.735, "g_denom": 0.735, "g_religion": 0.235, "g_amenity_only": 0.029}}, {"type": "Feature", "geometry": {"type": "Polygon", "coordinates": [[[25.0, 25.0], [30.0, 25.0], [30.0, 30.0], [25.0, 30.0], [25.0, 25.0]]]}, "properties": {"n": 15, "tagged_fraction": 0.867, "denom_fraction": 0.0, "g_denom": 0.0, "g_religion": 0.867, "g_amenity_only": 0.133}}, {"type": "Feature", "geometry": {"type": "Polygon", "coordinates": [[[-105.0, 55.0], [-100.0, 55.0], [-100.0, 60.0], [-105.0, 60.0], [-105.0, 55.0]]]}, "properties": {"n": 10, "tagged_fraction": 0.7, "denom_fraction": 0.3, "g_denom": 0.3, "g_religion": 0.4, "g_amenity_only": 0.3}}, {"type": "Feature", "geometry": {"type": "Polygon", "coordinates": [[[70.0, 60.0], [75.0, 60.0], [75.0, 65.0], [70.0, 65.0], [70.0, 60.0]]]}, "properties": {"n": 66, "tagged_fraction": 1.0, "denom_fraction": 0.788, "g_denom": 0.788, "g_religion": 0.212, "g_amenity_only": 0.0}}, {"type": "Feature", "geometry": {"type": "Polygon", "coordinates": [[[50.0, -15.0], [55.0, -15.0], [55.0, -10.0], [50.0, -10.0], [50.0, -15.0]]]}, "properties": {"n": 23, "tagged_fraction": 1.0, "denom_fraction": 0.522, "g_denom": 0.522, "g_religion": 0.478, "g_amenity_only": 0.0}}, {"type": "Feature", "geometry": {"type": "Polygon", "coordinates": [[[-65.0, 50.0], [-60.0, 50.0], [-60.0, 55.0], [-65.0, 55.0], [-65.0, 50.0]]]}, "properties": {"n": 26, "tagged_fraction": 0.808, "denom_fraction": 0.423, "g_denom": 0.385, "g_religion": 0.423, "g_amenity_only": 0.192}}, {"type": "Feature", "geometry": {"type": "Polygon", "coordinates": [[[135.0, -25.0], [140.0, -25.0], [140.0, -20.0], [135.0, -20.0], [135.0, -25.0]]]}, "properties": {"n": 9, "tagged_fraction": 1.0, "denom_fraction": 0.667, "g_denom": 0.556, "g_religion": 0.444, "g_amenity_only": 0.0}}, {"type": "Feature", "geometry": {"type": "Polygon", "coordinates": [[[125.0, -30.0], [130.0, -30.0], [130.0, -25.0], [125.0, -25.0], [125.0, -30.0]]]}, "properties": {"n": 2, "tagged_fraction": 1.0, "denom_fraction": 0.0, "g_denom": 0.0, "g_religion": 1.0, "g_amenity_only": 0.0}}, {"type": "Feature", "geometry": {"type": "Polygon", "coordinates": [[[130.0, -20.0], [135.0, -20.0], [135.0, -15.0], [130.0, -15.0], [130.0, -20.0]]]}, "properties": {"n": 7, "tagged_fraction": 0.857, "denom_fraction": 0.0, "g_denom": 0.0, "g_religion": 0.857, "g_amenity_only": 0.143}}, {"type": "Feature", "geometry": {"type": "Polygon", "coordinates": [[[125.0, -20.0], [130.0, -20.0], [130.0, -15.0], [125.0, -15.0], [125.0, -20.0]]]}, "properties": {"n": 15, "tagged_fraction": 1.0, "denom_fraction": 0.6, "g_denom": 0.6, "g_religion": 0.4, "g_amenity_only": 0.0}}, {"type": "Feature", "geometry": {"type": "Polygon", "coordinates": [[[130.0, -25.0], [135.0, -25.0], [135.0, -20.0], [130.0, -20.0], [130.0, -25.0]]]}, "properties": {"n": 22, "tagged_fraction": 0.909, "denom_fraction": 0.591, "g_denom": 0.545, "g_religion": 0.364, "g_amenity_only": 0.091}}, {"type": "Feature", "geometry": {"type": "Polygon", "coordinates": [[[125.0, -25.0], [130.0, -25.0], [130.0, -20.0], [125.0, -20.0], [125.0, -25.0]]]}, "properties": {"n": 4, "tagged_fraction": 1.0, "denom_fraction": 0.5, "g_denom": 0.5, "g_religion": 0.5, "g_amenity_only": 0.0}}, {"type": "Feature", "geometry": {"type": "Polygon", "coordinates": [[[135.0, -20.0], [140.0, -20.0], [140.0, -15.0], [135.0, -15.0], [135.0, -20.0]]]}, "properties": {"n": 1, "tagged_fraction": 1.0, "denom_fraction": 1.0, "g_denom": 1.0, "g_religion": 0.0, "g_amenity_only": 0.0}}, {"type": "Feature", "geometry": {"type": "Polygon", "coordinates": [[[-140.0, 55.0], [-135.0, 55.0], [-135.0, 60.0], [-140.0, 60.0], [-140.0, 55.0]]]}, "properties": {"n": 31, "tagged_fraction": 0.935, "denom_fraction": 0.774, "g_denom": 0.677, "g_religion": 0.258, "g_amenity_only": 0.065}}, {"type": "Feature", "geometry": {"type": "Polygon", "coordinates": [[[-140.0, -15.0], [-135.0, -15.0], [-135.0, -10.0], [-140.0, -10.0], [-140.0, -15.0]]]}, "properties": {"n": 2, "tagged_fraction": 1.0, "denom_fraction": 0.5, "g_denom": 0.5, "g_religion": 0.5, "g_amenity_only": 0.0}}, {"type": "Feature", "geometry": {"type": "Polygon", "coordinates": [[[150.0, -10.0], [155.0, -10.0], [155.0, -5.0], [150.0, -5.0], [150.0, -10.0]]]}, "properties": {"n": 218, "tagged_fraction": 0.995, "denom_fraction": 0.404, "g_denom": 0.399, "g_religion": 0.596, "g_amenity_only": 0.005}}, {"type": "Feature", "geometry": {"type": "Polygon", "coordinates": [[[-160.0, -25.0], [-155.0, -25.0], [-155.0, -20.0], [-160.0, -20.0], [-160.0, -25.0]]]}, "properties": {"n": 25, "tagged_fraction": 0.92, "denom_fraction": 0.56, "g_denom": 0.4, "g_religion": 0.52, "g_amenity_only": 0.08}}, {"type": "Feature", "geometry": {"type": "Polygon", "coordinates": [[[75.0, 55.0], [80.0, 55.0], [80.0, 60.0], [75.0, 60.0], [75.0, 55.0]]]}, "properties": {"n": 22, "tagged_fraction": 0.818, "denom_fraction": 0.5, "g_denom": 0.5, "g_religion": 0.318, "g_amenity_only": 0.182}}, {"type": "Feature", "geometry": {"type": "Polygon", "coordinates": [[[130.0, 60.0], [135.0, 60.0], [135.0, 65.0], [130.0, 65.0], [130.0, 60.0]]]}, "properties": {"n": 8, "tagged_fraction": 0.625, "denom_fraction": 0.25, "g_denom": 0.25, "g_religion": 0.375, "g_amenity_only": 0.375}}, {"type": "Feature", "geometry": {"type": "Polygon", "coordinates": [[[-60.0, -65.0], [-55.0, -65.0], [-55.0, -60.0], [-60.0, -60.0], [-60.0, -65.0]]]}, "properties": {"n": 4, "tagged_fraction": 1.0, "denom_fraction": 1.0, "g_denom": 1.0, "g_religion": 0.0, "g_amenity_only": 0.0}}, {"type": "Feature", "geometry": {"type": "Polygon", "coordinates": [[[160.0, 55.0], [165.0, 55.0], [165.0, 60.0], [160.0, 60.0], [160.0, 55.0]]]}, "properties": {"n": 5, "tagged_fraction": 0.6, "denom_fraction": 0.0, "g_denom": 0.0, "g_religion": 0.6, "g_amenity_only": 0.4}}, {"type": "Feature", "geometry": {"type": "Polygon", "coordinates": [[[110.0, 45.0], [115.0, 45.0], [115.0, 50.0], [110.0, 50.0], [110.0, 45.0]]]}, "properties": {"n": 20, "tagged_fraction": 0.7, "denom_fraction": 0.0, "g_denom": 0.0, "g_religion": 0.7, "g_amenity_only": 0.3}}, {"type": "Feature", "geometry": {"type": "Polygon", "coordinates": [[[150.0, 60.0], [155.0, 60.0], [155.0, 65.0], [150.0, 65.0], [150.0, 60.0]]]}, "properties": {"n": 7, "tagged_fraction": 0.571, "denom_fraction": 0.286, "g_denom": 0.286, "g_religion": 0.286, "g_amenity_only": 0.429}}, {"type": "Feature", "geometry": {"type": "Polygon", "coordinates": [[[-50.0, 0.0], [-45.0, 0.0], [-45.0, 5.0], [-50.0, 5.0], [-50.0, 0.0]]]}, "properties": {"n": 1, "tagged_fraction": 1.0, "denom_fraction": 0.0, "g_denom": 0.0, "g_religion": 1.0, "g_amenity_only": 0.0}}, {"type": "Feature", "geometry": {"type": "Polygon", "coordinates": [[[140.0, -20.0], [145.0, -20.0], [145.0, -15.0], [140.0, -15.0], [140.0, -20.0]]]}, "properties": {"n": 3, "tagged_fraction": 0.667, "denom_fraction": 0.333, "g_denom": 0.333, "g_religion": 0.333, "g_amenity_only": 0.333}}, {"type": "Feature", "geometry": {"type": "Polygon", "coordinates": [[[25.0, -10.0], [30.0, -10.0], [30.0, -5.0], [25.0, -5.0], [25.0, -10.0]]]}, "properties": {"n": 30, "tagged_fraction": 0.967, "denom_fraction": 0.4, "g_denom": 0.4, "g_religion": 0.567, "g_amenity_only": 0.033}}, {"type": "Feature", "geometry": {"type": "Polygon", "coordinates": [[[-35.0, 35.0], [-30.0, 35.0], [-30.0, 40.0], [-35.0, 40.0], [-35.0, 35.0]]]}, "properties": {"n": 25, "tagged_fraction": 1.0, "denom_fraction": 0.88, "g_denom": 0.88, "g_religion": 0.12, "g_amenity_only": 0.0}}, {"type": "Feature", "geometry": {"type": "Polygon", "coordinates": [[[110.0, 55.0], [115.0, 55.0], [115.0, 60.0], [110.0, 60.0], [110.0, 55.0]]]}, "properties": {"n": 9, "tagged_fraction": 0.889, "denom_fraction": 0.444, "g_denom": 0.444, "g_religion": 0.444, "g_amenity_only": 0.111}}, {"type": "Feature", "geometry": {"type": "Polygon", "coordinates": [[[130.0, 5.0], [135.0, 5.0], [135.0, 10.0], [130.0, 10.0], [130.0, 5.0]]]}, "properties": {"n": 6, "tagged_fraction": 1.0, "denom_fraction": 0.333, "g_denom": 0.333, "g_religion": 0.667, "g_amenity_only": 0.0}}, {"type": "Feature", "geometry": {"type": "Polygon", "coordinates": [[[170.0, 5.0], [175.0, 5.0], [175.0, 10.0], [170.0, 10.0], [170.0, 5.0]]]}, "properties": {"n": 12, "tagged_fraction": 1.0, "denom_fraction": 0.5, "g_denom": 0.333, "g_religion": 0.667, "g_amenity_only": 0.0}}, {"type": "Feature", "geometry": {"type": "Polygon", "coordinates": [[[5.0, 25.0], [10.0, 25.0], [10.0, 30.0], [5.0, 30.0], [5.0, 25.0]]]}, "properties": {"n": 22, "tagged_fraction": 1.0, "denom_fraction": 0.455, "g_denom": 0.455, "g_religion": 0.545, "g_amenity_only": 0.0}}, {"type": "Feature", "geometry": {"type": "Polygon", "coordinates": [[[-160.0, -20.0], [-155.0, -20.0], [-155.0, -15.0], [-160.0, -15.0], [-160.0, -20.0]]]}, "properties": {"n": 9, "tagged_fraction": 1.0, "denom_fraction": 0.444, "g_denom": 0.444, "g_religion": 0.556, "g_amenity_only": 0.0}}, {"type": "Feature", "geometry": {"type": "Polygon", "coordinates": [[[60.0, 60.0], [65.0, 60.0], [65.0, 65.0], [60.0, 65.0], [60.0, 60.0]]]}, "properties": {"n": 25, "tagged_fraction": 0.84, "denom_fraction": 0.64, "g_denom": 0.6, "g_religion": 0.24, "g_amenity_only": 0.16}}, {"type": "Feature", "geometry": {"type": "Polygon", "coordinates": [[[-170.0, 50.0], [-165.0, 50.0], [-165.0, 55.0], [-170.0, 55.0], [-170.0, 50.0]]]}, "properties": {"n": 10, "tagged_fraction": 1.0, "denom_fraction": 0.8, "g_denom": 0.8, "g_religion": 0.2, "g_amenity_only": 0.0}}, {"type": "Feature", "geometry": {"type": "Polygon", "coordinates": [[[-85.0, 0.0], [-80.0, 0.0], [-80.0, 5.0], [-85.0, 5.0], [-85.0, 0.0]]]}, "properties": {"n": 10, "tagged_fraction": 0.4, "denom_fraction": 0.3, "g_denom": 0.3, "g_religion": 0.1, "g_amenity_only": 0.6}}, {"type": "Feature", "geometry": {"type": "Polygon", "coordinates": [[[135.0, -10.0], [140.0, -10.0], [140.0, -5.0], [135.0, -5.0], [135.0, -10.0]]]}, "properties": {"n": 9, "tagged_fraction": 1.0, "denom_fraction": 0.0, "g_denom": 0.0, "g_religion": 1.0, "g_amenity_only": 0.0}}, {"type": "Feature", "geometry": {"type": "Polygon", "coordinates": [[[-65.0, -65.0], [-60.0, -65.0], [-60.0, -60.0], [-65.0, -60.0], [-65.0, -65.0]]]}, "properties": {"n": 1, "tagged_fraction": 1.0, "denom_fraction": 1.0, "g_denom": 1.0, "g_religion": 0.0, "g_amenity_only": 0.0}}, {"type": "Feature", "geometry": {"type": "Polygon", "coordinates": [[[125.0, -15.0], [130.0, -15.0], [130.0, -10.0], [125.0, -10.0], [125.0, -15.0]]]}, "properties": {"n": 2, "tagged_fraction": 1.0, "denom_fraction": 0.0, "g_denom": 0.0, "g_religion": 1.0, "g_amenity_only": 0.0}}, {"type": "Feature", "geometry": {"type": "Polygon", "coordinates": [[[95.0, 60.0], [100.0, 60.0], [100.0, 65.0], [95.0, 65.0], [95.0, 60.0]]]}, "properties": {"n": 2, "tagged_fraction": 0.5, "denom_fraction": 0.5, "g_denom": 0.5, "g_religion": 0.0, "g_amenity_only": 0.5}}, {"type": "Feature", "geometry": {"type": "Polygon", "coordinates": [[[-90.0, 25.0], [-85.0, 25.0], [-85.0, 30.0], [-90.0, 30.0], [-90.0, 25.0]]]}, "properties": {"n": 58, "tagged_fraction": 1.0, "denom_fraction": 0.621, "g_denom": 0.586, "g_religion": 0.414, "g_amenity_only": 0.0}}, {"type": "Feature", "geometry": {"type": "Polygon", "coordinates": [[[20.0, 5.0], [25.0, 5.0], [25.0, 10.0], [20.0, 10.0], [20.0, 5.0]]]}, "properties": {"n": 17, "tagged_fraction": 0.882, "denom_fraction": 0.294, "g_denom": 0.294, "g_religion": 0.588, "g_amenity_only": 0.118}}, {"type": "Feature", "geometry": {"type": "Polygon", "coordinates": [[[165.0, -15.0], [170.0, -15.0], [170.0, -10.0], [165.0, -10.0], [165.0, -15.0]]]}, "properties": {"n": 2, "tagged_fraction": 0.5, "denom_fraction": 0.0, "g_denom": 0.0, "g_religion": 0.5, "g_amenity_only": 0.5}}, {"type": "Feature", "geometry": {"type": "Polygon", "coordinates": [[[135.0, 5.0], [140.0, 5.0], [140.0, 10.0], [135.0, 10.0], [135.0, 5.0]]]}, "properties": {"n": 4, "tagged_fraction": 0.5, "denom_fraction": 0.25, "g_denom": 0.25, "g_religion": 0.25, "g_amenity_only": 0.5}}, {"type": "Feature", "geometry": {"type": "Polygon", "coordinates": [[[95.0, 55.0], [100.0, 55.0], [100.0, 60.0], [95.0, 60.0], [95.0, 55.0]]]}, "properties": {"n": 21, "tagged_fraction": 0.905, "denom_fraction": 0.476, "g_denom": 0.476, "g_religion": 0.429, "g_amenity_only": 0.095}}, {"type": "Feature", "geometry": {"type": "Polygon", "coordinates": [[[-95.0, 60.0], [-90.0, 60.0], [-90.0, 65.0], [-95.0, 65.0], [-95.0, 60.0]]]}, "properties": {"n": 7, "tagged_fraction": 0.857, "denom_fraction": 0.571, "g_denom": 0.571, "g_religion": 0.286, "g_amenity_only": 0.143}}, {"type": "Feature", "geometry": {"type": "Polygon", "coordinates": [[[115.0, 45.0], [120.0, 45.0], [120.0, 50.0], [115.0, 50.0], [115.0, 45.0]]]}, "properties": {"n": 16, "tagged_fraction": 0.438, "denom_fraction": 0.0, "g_denom": 0.0, "g_religion": 0.438, "g_amenity_only": 0.562}}, {"type": "Feature", "geometry": {"type": "Polygon", "coordinates": [[[130.0, -15.0], [135.0, -15.0], [135.0, -10.0], [130.0, -10.0], [130.0, -15.0]]]}, "properties": {"n": 45, "tagged_fraction": 0.889, "denom_fraction": 0.644, "g_denom": 0.578, "g_religion": 0.333, "g_amenity_only": 0.089}}, {"type": "Feature", "geometry": {"type": "Polygon", "coordinates": [[[-110.0, 15.0], [-105.0, 15.0], [-105.0, 20.0], [-110.0, 20.0], [-110.0, 15.0]]]}, "properties": {"n": 5, "tagged_fraction": 0.8, "denom_fraction": 0.8, "g_denom": 0.8, "g_religion": 0.2, "g_amenity_only": 0.0}}, {"type": "Feature", "geometry": {"type": "Polygon", "coordinates": [[[155.0, -35.0], [160.0, -35.0], [160.0, -30.0], [155.0, -30.0], [155.0, -35.0]]]}, "properties": {"n": 3, "tagged_fraction": 1.0, "denom_fraction": 1.0, "g_denom": 1.0, "g_religion": 0.0, "g_amenity_only": 0.0}}, {"type": "Feature", "geometry": {"type": "Polygon", "coordinates": [[[-155.0, 60.0], [-150.0, 60.0], [-150.0, 65.0], [-155.0, 65.0], [-155.0, 60.0]]]}, "properties": {"n": 13, "tagged_fraction": 0.923, "denom_fraction": 0.846, "g_denom": 0.846, "g_religion": 0.154, "g_amenity_only": 0.0}}, {"type": "Feature", "geometry": {"type": "Polygon", "coordinates": [[[145.0, -5.0], [150.0, -5.0], [150.0, 0.0], [145.0, 0.0], [145.0, -5.0]]]}, "properties": {"n": 29, "tagged_fraction": 1.0, "denom_fraction": 0.724, "g_denom": 0.586, "g_religion": 0.414, "g_amenity_only": 0.0}}, {"type": "Feature", "geometry": {"type": "Polygon", "coordinates": [[[170.0, -5.0], [175.0, -5.0], [175.0, 0.0], [170.0, 0.0], [170.0, -5.0]]]}, "properties": {"n": 7, "tagged_fraction": 0.714, "denom_fraction": 0.714, "g_denom": 0.714, "g_religion": 0.0, "g_amenity_only": 0.286}}, {"type": "Feature", "geometry": {"type": "Polygon", "coordinates": [[[140.0, 5.0], [145.0, 5.0], [145.0, 10.0], [140.0, 10.0], [140.0, 5.0]]]}, "properties": {"n": 4, "tagged_fraction": 1.0, "denom_fraction": 1.0, "g_denom": 1.0, "g_religion": 0.0, "g_amenity_only": 0.0}}, {"type": "Feature", "geometry": {"type": "Polygon", "coordinates": [[[-145.0, -10.0], [-140.0, -10.0], [-140.0, -5.0], [-145.0, -5.0], [-145.0, -10.0]]]}, "properties": {"n": 12, "tagged_fraction": 0.833, "denom_fraction": 0.833, "g_denom": 0.833, "g_religion": 0.0, "g_amenity_only": 0.167}}, {"type": "Feature", "geometry": {"type": "Polygon", "coordinates": [[[-80.0, 60.0], [-75.0, 60.0], [-75.0, 65.0], [-80.0, 65.0], [-80.0, 60.0]]]}, "properties": {"n": 6, "tagged_fraction": 1.0, "denom_fraction": 0.333, "g_denom": 0.333, "g_religion": 0.667, "g_amenity_only": 0.0}}, {"type": "Feature", "geometry": {"type": "Polygon", "coordinates": [[[-130.0, 65.0], [-125.0, 65.0], [-125.0, 70.0], [-130.0, 70.0], [-130.0, 65.0]]]}, "properties": {"n": 3, "tagged_fraction": 1.0, "denom_fraction": 0.667, "g_denom": 0.667, "g_religion": 0.333, "g_amenity_only": 0.0}}, {"type": "Feature", "geometry": {"type": "Polygon", "coordinates": [[[140.0, 25.0], [145.0, 25.0], [145.0, 30.0], [140.0, 30.0], [140.0, 25.0]]]}, "properties": {"n": 4, "tagged_fraction": 1.0, "denom_fraction": 0.0, "g_denom": 0.0, "g_religion": 1.0, "g_amenity_only": 0.0}}, {"type": "Feature", "geometry": {"type": "Polygon", "coordinates": [[[40.0, -20.0], [45.0, -20.0], [45.0, -15.0], [40.0, -15.0], [40.0, -20.0]]]}, "properties": {"n": 30, "tagged_fraction": 1.0, "denom_fraction": 0.533, "g_denom": 0.5, "g_religion": 0.5, "g_amenity_only": 0.0}}, {"type": "Feature", "geometry": {"type": "Polygon", "coordinates": [[[-15.0, 55.0], [-10.0, 55.0], [-10.0, 60.0], [-15.0, 60.0], [-15.0, 55.0]]]}, "properties": {"n": 1, "tagged_fraction": 0.0, "denom_fraction": 0.0, "g_denom": 0.0, "g_religion": 0.0, "g_amenity_only": 1.0}}, {"type": "Feature", "geometry": {"type": "Polygon", "coordinates": [[[175.0, 60.0], [180.0, 60.0], [180.0, 65.0], [175.0, 65.0], [175.0, 60.0]]]}, "properties": {"n": 3, "tagged_fraction": 0.667, "denom_fraction": 0.667, "g_denom": 0.667, "g_religion": 0.0, "g_amenity_only": 0.333}}, {"type": "Feature", "geometry": {"type": "Polygon", "coordinates": [[[150.0, 55.0], [155.0, 55.0], [155.0, 60.0], [150.0, 60.0], [150.0, 55.0]]]}, "properties": {"n": 16, "tagged_fraction": 1.0, "denom_fraction": 0.75, "g_denom": 0.75, "g_religion": 0.25, "g_amenity_only": 0.0}}, {"type": "Feature", "geometry": {"type": "Polygon", "coordinates": [[[55.0, 65.0], [60.0, 65.0], [60.0, 70.0], [55.0, 70.0], [55.0, 65.0]]]}, "properties": {"n": 9, "tagged_fraction": 0.889, "denom_fraction": 0.778, "g_denom": 0.778, "g_religion": 0.111, "g_amenity_only": 0.111}}, {"type": "Feature", "geometry": {"type": "Polygon", "coordinates": [[[50.0, -20.0], [55.0, -20.0], [55.0, -15.0], [50.0, -15.0], [50.0, -20.0]]]}, "properties": {"n": 6, "tagged_fraction": 0.833, "denom_fraction": 0.667, "g_denom": 0.667, "g_religion": 0.167, "g_amenity_only": 0.167}}, {"type": "Feature", "geometry": {"type": "Polygon", "coordinates": [[[-55.0, 5.0], [-50.0, 5.0], [-50.0, 10.0], [-55.0, 10.0], [-55.0, 5.0]]]}, "properties": {"n": 49, "tagged_fraction": 0.857, "denom_fraction": 0.571, "g_denom": 0.571, "g_religion": 0.286, "g_amenity_only": 0.143}}, {"type": "Feature", "geometry": {"type": "Polygon", "coordinates": [[[-145.0, 60.0], [-140.0, 60.0], [-140.0, 65.0], [-145.0, 65.0], [-145.0, 60.0]]]}, "properties": {"n": 8, "tagged_fraction": 0.875, "denom_fraction": 0.25, "g_denom": 0.25, "g_religion": 0.625, "g_amenity_only": 0.125}}, {"type": "Feature", "geometry": {"type": "Polygon", "coordinates": [[[-110.0, -30.0], [-105.0, -30.0], [-105.0, -25.0], [-110.0, -25.0], [-110.0, -30.0]]]}, "properties": {"n": 13, "tagged_fraction": 0.846, "denom_fraction": 0.154, "g_denom": 0.154, "g_religion": 0.692, "g_amenity_only": 0.154}}, {"type": "Feature", "geometry": {"type": "Polygon", "coordinates": [[[-70.0, 60.0], [-65.0, 60.0], [-65.0, 65.0], [-70.0, 65.0], [-70.0, 60.0]]]}, "properties": {"n": 11, "tagged_fraction": 0.818, "denom_fraction": 0.364, "g_denom": 0.364, "g_religion": 0.455, "g_amenity_only": 0.182}}, {"type": "Feature", "geometry": {"type": "Polygon", "coordinates": [[[-55.0, 60.0], [-50.0, 60.0], [-50.0, 65.0], [-55.0, 65.0], [-55.0, 60.0]]]}, "properties": {"n": 8, "tagged_fraction": 1.0, "denom_fraction": 0.875, "g_denom": 0.5, "g_religion": 0.5, "g_amenity_only": 0.0}}, {"type": "Feature", "geometry": {"type": "Polygon", "coordinates": [[[130.0, 0.0], [135.0, 0.0], [135.0, 5.0], [130.0, 5.0], [130.0, 0.0]]]}, "properties": {"n": 1, "tagged_fraction": 1.0, "denom_fraction": 1.0, "g_denom": 1.0, "g_religion": 0.0, "g_amenity_only": 0.0}}, {"type": "Feature", "geometry": {"type": "Polygon", "coordinates": [[[125.0, 60.0], [130.0, 60.0], [130.0, 65.0], [125.0, 65.0], [125.0, 60.0]]]}, "properties": {"n": 28, "tagged_fraction": 0.929, "denom_fraction": 0.571, "g_denom": 0.5, "g_religion": 0.429, "g_amenity_only": 0.071}}, {"type": "Feature", "geometry": {"type": "Polygon", "coordinates": [[[80.0, 35.0], [85.0, 35.0], [85.0, 40.0], [80.0, 40.0], [80.0, 35.0]]]}, "properties": {"n": 2, "tagged_fraction": 0.5, "denom_fraction": 0.5, "g_denom": 0.5, "g_religion": 0.0, "g_amenity_only": 0.5}}, {"type": "Feature", "geometry": {"type": "Polygon", "coordinates": [[[50.0, 65.0], [55.0, 65.0], [55.0, 70.0], [50.0, 70.0], [50.0, 65.0]]]}, "properties": {"n": 17, "tagged_fraction": 0.706, "denom_fraction": 0.294, "g_denom": 0.235, "g_religion": 0.471, "g_amenity_only": 0.294}}, {"type": "Feature", "geometry": {"type": "Polygon", "coordinates": [[[-40.0, 65.0], [-35.0, 65.0], [-35.0, 70.0], [-40.0, 70.0], [-40.0, 65.0]]]}, "properties": {"n": 6, "tagged_fraction": 1.0, "denom_fraction": 0.667, "g_denom": 0.667, "g_religion": 0.333, "g_amenity_only": 0.0}}, {"type": "Feature", "geometry": {"type": "Polygon", "coordinates": [[[15.0, 15.0], [20.0, 15.0], [20.0, 20.0], [15.0, 20.0], [15.0, 15.0]]]}, "properties": {"n": 10, "tagged_fraction": 0.8, "denom_fraction": 0.4, "g_denom": 0.4, "g_religion": 0.4, "g_amenity_only": 0.2}}, {"type": "Feature", "geometry": {"type": "Polygon", "coordinates": [[[0.0, 20.0], [5.0, 20.0], [5.0, 25.0], [0.0, 25.0], [0.0, 20.0]]]}, "properties": {"n": 5, "tagged_fraction": 0.8, "denom_fraction": 0.0, "g_denom": 0.0, "g_religion": 0.8, "g_amenity_only": 0.2}}, {"type": "Feature", "geometry": {"type": "Polygon", "coordinates": [[[-60.0, -55.0], [-55.0, -55.0], [-55.0, -50.0], [-60.0, -50.0], [-60.0, -55.0]]]}, "properties": {"n": 6, "tagged_fraction": 1.0, "denom_fraction": 1.0, "g_denom": 1.0, "g_religion": 0.0, "g_amenity_only": 0.0}}, {"type": "Feature", "geometry": {"type": "Polygon", "coordinates": [[[-70.0, 0.0], [-65.0, 0.0], [-65.0, 5.0], [-70.0, 5.0], [-70.0, 0.0]]]}, "properties": {"n": 10, "tagged_fraction": 0.7, "denom_fraction": 0.4, "g_denom": 0.4, "g_religion": 0.3, "g_amenity_only": 0.3}}, {"type": "Feature", "geometry": {"type": "Polygon", "coordinates": [[[65.0, 45.0], [70.0, 45.0], [70.0, 50.0], [65.0, 50.0], [65.0, 45.0]]]}, "properties": {"n": 10, "tagged_fraction": 1.0, "denom_fraction": 0.3, "g_denom": 0.3, "g_religion": 0.7, "g_amenity_only": 0.0}}, {"type": "Feature", "geometry": {"type": "Polygon", "coordinates": [[[140.0, 20.0], [145.0, 20.0], [145.0, 25.0], [140.0, 25.0], [140.0, 20.0]]]}, "properties": {"n": 1, "tagged_fraction": 1.0, "denom_fraction": 0.0, "g_denom": 0.0, "g_religion": 1.0, "g_amenity_only": 0.0}}, {"type": "Feature", "geometry": {"type": "Polygon", "coordinates": [[[10.0, 75.0], [15.0, 75.0], [15.0, 80.0], [10.0, 80.0], [10.0, 75.0]]]}, "properties": {"n": 2, "tagged_fraction": 0.5, "denom_fraction": 0.5, "g_denom": 0.5, "g_religion": 0.0, "g_amenity_only": 0.5}}, {"type": "Feature", "geometry": {"type": "Polygon", "coordinates": [[[70.0, 65.0], [75.0, 65.0], [75.0, 70.0], [70.0, 70.0], [70.0, 65.0]]]}, "properties": {"n": 9, "tagged_fraction": 0.889, "denom_fraction": 0.556, "g_denom": 0.444, "g_religion": 0.444, "g_amenity_only": 0.111}}, {"type": "Feature", "geometry": {"type": "Polygon", "coordinates": [[[155.0, 55.0], [160.0, 55.0], [160.0, 60.0], [155.0, 60.0], [155.0, 55.0]]]}, "properties": {"n": 7, "tagged_fraction": 0.857, "denom_fraction": 0.571, "g_denom": 0.571, "g_religion": 0.286, "g_amenity_only": 0.143}}, {"type": "Feature", "geometry": {"type": "Polygon", "coordinates": [[[-175.0, -25.0], [-170.0, -25.0], [-170.0, -20.0], [-175.0, -20.0], [-175.0, -25.0]]]}, "properties": {"n": 13, "tagged_fraction": 1.0, "denom_fraction": 0.769, "g_denom": 0.615, "g_religion": 0.385, "g_amenity_only": 0.0}}, {"type": "Feature", "geometry": {"type": "Polygon", "coordinates": [[[105.0, 55.0], [110.0, 55.0], [110.0, 60.0], [105.0, 60.0], [105.0, 55.0]]]}, "properties": {"n": 14, "tagged_fraction": 0.929, "denom_fraction": 0.5, "g_denom": 0.5, "g_religion": 0.429, "g_amenity_only": 0.071}}, {"type": "Feature", "geometry": {"type": "Polygon", "coordinates": [[[-100.0, 60.0], [-95.0, 60.0], [-95.0, 65.0], [-100.0, 65.0], [-100.0, 60.0]]]}, "properties": {"n": 3, "tagged_fraction": 1.0, "denom_fraction": 0.333, "g_denom": 0.333, "g_religion": 0.667, "g_amenity_only": 0.0}}, {"type": "Feature", "geometry": {"type": "Polygon", "coordinates": [[[-180.0, -20.0], [-175.0, -20.0], [-175.0, -15.0], [-180.0, -15.0], [-180.0, -20.0]]]}, "properties": {"n": 19, "tagged_fraction": 0.947, "denom_fraction": 0.632, "g_denom": 0.632, "g_religion": 0.368, "g_amenity_only": 0.0}}, {"type": "Feature", "geometry": {"type": "Polygon", "coordinates": [[[145.0, 10.0], [150.0, 10.0], [150.0, 15.0], [145.0, 15.0], [145.0, 10.0]]]}, "properties": {"n": 3, "tagged_fraction": 0.667, "denom_fraction": 0.333, "g_denom": 0.333, "g_religion": 0.333, "g_amenity_only": 0.333}}, {"type": "Feature", "geometry": {"type": "Polygon", "coordinates": [[[30.0, 70.0], [35.0, 70.0], [35.0, 75.0], [30.0, 75.0], [30.0, 70.0]]]}, "properties": {"n": 8, "tagged_fraction": 1.0, "denom_fraction": 0.75, "g_denom": 0.75, "g_religion": 0.25, "g_amenity_only": 0.0}}, {"type": "Feature", "geometry": {"type": "Polygon", "coordinates": [[[110.0, -35.0], [115.0, -35.0], [115.0, -30.0], [110.0, -30.0], [110.0, -35.0]]]}, "properties": {"n": 1, "tagged_fraction": 1.0, "denom_fraction": 0.0, "g_denom": 0.0, "g_religion": 1.0, "g_amenity_only": 0.0}}, {"type": "Feature", "geometry": {"type": "Polygon", "coordinates": [[[130.0, 50.0], [135.0, 50.0], [135.0, 55.0], [130.0, 55.0], [130.0, 50.0]]]}, "properties": {"n": 5, "tagged_fraction": 0.6, "denom_fraction": 0.4, "g_denom": 0.4, "g_religion": 0.2, "g_amenity_only": 0.4}}, {"type": "Feature", "geometry": {"type": "Polygon", "coordinates": [[[20.0, -15.0], [25.0, -15.0], [25.0, -10.0], [20.0, -10.0], [20.0, -15.0]]]}, "properties": {"n": 22, "tagged_fraction": 0.909, "denom_fraction": 0.545, "g_denom": 0.364, "g_religion": 0.545, "g_amenity_only": 0.091}}, {"type": "Feature", "geometry": {"type": "Polygon", "coordinates": [[[60.0, -20.0], [65.0, -20.0], [65.0, -15.0], [60.0, -15.0], [60.0, -20.0]]]}, "properties": {"n": 7, "tagged_fraction": 1.0, "denom_fraction": 0.429, "g_denom": 0.429, "g_religion": 0.571, "g_amenity_only": 0.0}}, {"type": "Feature", "geometry": {"type": "Polygon", "coordinates": [[[110.0, 70.0], [115.0, 70.0], [115.0, 75.0], [110.0, 75.0], [110.0, 70.0]]]}, "properties": {"n": 1, "tagged_fraction": 1.0, "denom_fraction": 1.0, "g_denom": 1.0, "g_religion": 0.0, "g_amenity_only": 0.0}}, {"type": "Feature", "geometry": {"type": "Polygon", "coordinates": [[[15.0, 20.0], [20.0, 20.0], [20.0, 25.0], [15.0, 25.0], [15.0, 20.0]]]}, "properties": {"n": 2, "tagged_fraction": 1.0, "denom_fraction": 0.5, "g_denom": 0.5, "g_religion": 0.5, "g_amenity_only": 0.0}}, {"type": "Feature", "geometry": {"type": "Polygon", "coordinates": [[[-155.0, 15.0], [-150.0, 15.0], [-150.0, 20.0], [-155.0, 20.0], [-155.0, 15.0]]]}, "properties": {"n": 3, "tagged_fraction": 1.0, "denom_fraction": 0.667, "g_denom": 0.667, "g_religion": 0.0, "g_amenity_only": 0.333}}, {"type": "Feature", "geometry": {"type": "Polygon", "coordinates": [[[135.0, 65.0], [140.0, 65.0], [140.0, 70.0], [135.0, 70.0], [135.0, 65.0]]]}, "properties": {"n": 1, "tagged_fraction": 1.0, "denom_fraction": 0.0, "g_denom": 0.0, "g_religion": 1.0, "g_amenity_only": 0.0}}, {"type": "Feature", "geometry": {"type": "Polygon", "coordinates": [[[-5.0, 60.0], [0.0, 60.0], [0.0, 65.0], [-5.0, 65.0], [-5.0, 60.0]]]}, "properties": {"n": 54, "tagged_fraction": 0.944, "denom_fraction": 0.481, "g_denom": 0.204, "g_religion": 0.741, "g_amenity_only": 0.056}}, {"type": "Feature", "geometry": {"type": "Polygon", "coordinates": [[[-25.0, 65.0], [-20.0, 65.0], [-20.0, 70.0], [-25.0, 70.0], [-25.0, 65.0]]]}, "properties": {"n": 88, "tagged_fraction": 1.0, "denom_fraction": 0.227, "g_denom": 0.216, "g_religion": 0.784, "g_amenity_only": 0.0}}, {"type": "Feature", "geometry": {"type": "Polygon", "coordinates": [[[-160.0, 0.0], [-155.0, 0.0], [-155.0, 5.0], [-160.0, 5.0], [-160.0, 0.0]]]}, "properties": {"n": 6, "tagged_fraction": 0.833, "denom_fraction": 0.667, "g_denom": 0.667, "g_religion": 0.167, "g_amenity_only": 0.167}}, {"type": "Feature", "geometry": {"type": "Polygon", "coordinates": [[[-70.0, 50.0], [-65.0, 50.0], [-65.0, 55.0], [-70.0, 55.0], [-70.0, 50.0]]]}, "properties": {"n": 24, "tagged_fraction": 0.833, "denom_fraction": 0.5, "g_denom": 0.5, "g_religion": 0.333, "g_amenity_only": 0.167}}, {"type": "Feature", "geometry": {"type": "Polygon", "coordinates": [[[-135.0, 50.0], [-130.0, 50.0], [-130.0, 55.0], [-135.0, 55.0], [-135.0, 50.0]]]}, "properties": {"n": 19, "tagged_fraction": 1.0, "denom_fraction": 0.421, "g_denom": 0.421, "g_religion": 0.579, "g_amenity_only": 0.0}}, {"type": "Feature", "geometry": {"type": "Polygon", "coordinates": [[[70.0, -70.0], [75.0, -70.0], [75.0, -65.0], [70.0, -65.0], [70.0, -70.0]]]}, "properties": {"n": 1, "tagged_fraction": 1.0, "denom_fraction": 0.0, "g_denom": 0.0, "g_religion": 1.0, "g_amenity_only": 0.0}}, {"type": "Feature", "geometry": {"type": "Polygon", "coordinates": [[[110.0, 60.0], [115.0, 60.0], [115.0, 65.0], [110.0, 65.0], [110.0, 60.0]]]}, "properties": {"n": 13, "tagged_fraction": 1.0, "denom_fraction": 0.308, "g_denom": 0.308, "g_religion": 0.692, "g_amenity_only": 0.0}}, {"type": "Feature", "geometry": {"type": "Polygon", "coordinates": [[[80.0, 60.0], [85.0, 60.0], [85.0, 65.0], [80.0, 65.0], [80.0, 60.0]]]}, "properties": {"n": 4, "tagged_fraction": 0.25, "denom_fraction": 0.25, "g_denom": 0.25, "g_religion": 0.0, "g_amenity_only": 0.75}}, {"type": "Feature", "geometry": {"type": "Polygon", "coordinates": [[[135.0, 55.0], [140.0, 55.0], [140.0, 60.0], [135.0, 60.0], [135.0, 55.0]]]}, "properties": {"n": 2, "tagged_fraction": 1.0, "denom_fraction": 0.0, "g_denom": 0.0, "g_religion": 1.0, "g_amenity_only": 0.0}}, {"type": "Feature", "geometry": {"type": "Polygon", "coordinates": [[[-150.0, -25.0], [-145.0, -25.0], [-145.0, -20.0], [-150.0, -20.0], [-150.0, -25.0]]]}, "properties": {"n": 19, "tagged_fraction": 0.579, "denom_fraction": 0.263, "g_denom": 0.263, "g_religion": 0.368, "g_amenity_only": 0.368}}, {"type": "Feature", "geometry": {"type": "Polygon", "coordinates": [[[165.0, -30.0], [170.0, -30.0], [170.0, -25.0], [165.0, -25.0], [165.0, -30.0]]]}, "properties": {"n": 6, "tagged_fraction": 1.0, "denom_fraction": 0.833, "g_denom": 0.833, "g_religion": 0.167, "g_amenity_only": 0.0}}, {"type": "Feature", "geometry": {"type": "Polygon", "coordinates": [[[160.0, -25.0], [165.0, -25.0], [165.0, -20.0], [160.0, -20.0], [160.0, -25.0]]]}, "properties": {"n": 19, "tagged_fraction": 0.947, "denom_fraction": 0.368, "g_denom": 0.368, "g_religion": 0.579, "g_amenity_only": 0.053}}, {"type": "Feature", "geometry": {"type": "Polygon", "coordinates": [[[145.0, 5.0], [150.0, 5.0], [150.0, 10.0], [145.0, 10.0], [145.0, 5.0]]]}, "properties": {"n": 1, "tagged_fraction": 1.0, "denom_fraction": 1.0, "g_denom": 1.0, "g_religion": 0.0, "g_amenity_only": 0.0}}, {"type": "Feature", "geometry": {"type": "Polygon", "coordinates": [[[150.0, -15.0], [155.0, -15.0], [155.0, -10.0], [150.0, -10.0], [150.0, -15.0]]]}, "properties": {"n": 115, "tagged_fraction": 1.0, "denom_fraction": 0.478, "g_denom": 0.47, "g_religion": 0.53, "g_amenity_only": 0.0}}, {"type": "Feature", "geometry": {"type": "Polygon", "coordinates": [[[-135.0, -30.0], [-130.0, -30.0], [-130.0, -25.0], [-135.0, -25.0], [-135.0, -30.0]]]}, "properties": {"n": 1, "tagged_fraction": 1.0, "denom_fraction": 1.0, "g_denom": 1.0, "g_religion": 0.0, "g_amenity_only": 0.0}}, {"type": "Feature", "geometry": {"type": "Polygon", "coordinates": [[[110.0, 5.0], [115.0, 5.0], [115.0, 10.0], [110.0, 10.0], [110.0, 5.0]]]}, "properties": {"n": 9, "tagged_fraction": 0.889, "denom_fraction": 0.222, "g_denom": 0.222, "g_religion": 0.667, "g_amenity_only": 0.111}}, {"type": "Feature", "geometry": {"type": "Polygon", "coordinates": [[[125.0, -35.0], [130.0, -35.0], [130.0, -30.0], [125.0, -30.0], [125.0, -35.0]]]}, "properties": {"n": 1, "tagged_fraction": 0.0, "denom_fraction": 0.0, "g_denom": 0.0, "g_religion": 0.0, "g_amenity_only": 1.0}}, {"type": "Feature", "geometry": {"type": "Polygon", "coordinates": [[[-150.0, -15.0], [-145.0, -15.0], [-145.0, -10.0], [-150.0, -10.0], [-150.0, -15.0]]]}, "properties": {"n": 11, "tagged_fraction": 0.727, "denom_fraction": 0.364, "g_denom": 0.364, "g_religion": 0.364, "g_amenity_only": 0.273}}, {"type": "Feature", "geometry": {"type": "Polygon", "coordinates": [[[40.0, 65.0], [45.0, 65.0], [45.0, 70.0], [40.0, 70.0], [40.0, 65.0]]]}, "properties": {"n": 12, "tagged_fraction": 1.0, "denom_fraction": 0.75, "g_denom": 0.75, "g_religion": 0.25, "g_amenity_only": 0.0}}, {"type": "Feature", "geometry": {"type": "Polygon", "coordinates": [[[115.0, 60.0], [120.0, 60.0], [120.0, 65.0], [115.0, 65.0], [115.0, 60.0]]]}, "properties": {"n": 3, "tagged_fraction": 1.0, "denom_fraction": 0.667, "g_denom": 0.667, "g_religion": 0.333, "g_amenity_only": 0.0}}, {"type": "Feature", "geometry": {"type": "Polygon", "coordinates": [[[125.0, 70.0], [130.0, 70.0], [130.0, 75.0], [125.0, 75.0], [125.0, 70.0]]]}, "properties": {"n": 2, "tagged_fraction": 1.0, "denom_fraction": 0.5, "g_denom": 0.5, "g_religion": 0.5, "g_amenity_only": 0.0}}, {"type": "Feature", "geometry": {"type": "Polygon", "coordinates": [[[90.0, 60.0], [95.0, 60.0], [95.0, 65.0], [90.0, 65.0], [90.0, 60.0]]]}, "properties": {"n": 3, "tagged_fraction": 1.0, "denom_fraction": 1.0, "g_denom": 1.0, "g_religion": 0.0, "g_amenity_only": 0.0}}, {"type": "Feature", "geometry": {"type": "Polygon", "coordinates": [[[-10.0, 45.0], [-5.0, 45.0], [-5.0, 50.0], [-10.0, 50.0], [-10.0, 45.0]]]}, "properties": {"n": 19, "tagged_fraction": 0.947, "denom_fraction": 0.842, "g_denom": 0.842, "g_religion": 0.105, "g_amenity_only": 0.053}}, {"type": "Feature", "geometry": {"type": "Polygon", "coordinates": [[[-160.0, 65.0], [-155.0, 65.0], [-155.0, 70.0], [-160.0, 70.0], [-160.0, 65.0]]]}, "properties": {"n": 6, "tagged_fraction": 1.0, "denom_fraction": 1.0, "g_denom": 0.833, "g_religion": 0.167, "g_amenity_only": 0.0}}, {"type": "Feature", "geometry": {"type": "Polygon", "coordinates": [[[75.0, 65.0], [80.0, 65.0], [80.0, 70.0], [75.0, 70.0], [75.0, 65.0]]]}, "properties": {"n": 8, "tagged_fraction": 1.0, "denom_fraction": 0.625, "g_denom": 0.625, "g_religion": 0.375, "g_amenity_only": 0.0}}, {"type": "Feature", "geometry": {"type": "Polygon", "coordinates": [[[-160.0, 55.0], [-155.0, 55.0], [-155.0, 60.0], [-160.0, 60.0], [-160.0, 55.0]]]}, "properties": {"n": 12, "tagged_fraction": 1.0, "denom_fraction": 0.75, "g_denom": 0.75, "g_religion": 0.25, "g_amenity_only": 0.0}}, {"type": "Feature", "geometry": {"type": "Polygon", "coordinates": [[[145.0, -15.0], [150.0, -15.0], [150.0, -10.0], [145.0, -10.0], [145.0, -15.0]]]}, "properties": {"n": 73, "tagged_fraction": 1.0, "denom_fraction": 0.726, "g_denom": 0.644, "g_religion": 0.356, "g_amenity_only": 0.0}}, {"type": "Feature", "geometry": {"type": "Polygon", "coordinates": [[[-155.0, -25.0], [-150.0, -25.0], [-150.0, -20.0], [-155.0, -20.0], [-155.0, -25.0]]]}, "properties": {"n": 8, "tagged_fraction": 0.875, "denom_fraction": 0.25, "g_denom": 0.25, "g_religion": 0.625, "g_amenity_only": 0.125}}, {"type": "Feature", "geometry": {"type": "Polygon", "coordinates": [[[-165.0, 0.0], [-160.0, 0.0], [-160.0, 5.0], [-165.0, 5.0], [-165.0, 0.0]]]}, "properties": {"n": 1, "tagged_fraction": 1.0, "denom_fraction": 1.0, "g_denom": 1.0, "g_religion": 0.0, "g_amenity_only": 0.0}}, {"type": "Feature", "geometry": {"type": "Polygon", "coordinates": [[[-65.0, 55.0], [-60.0, 55.0], [-60.0, 60.0], [-65.0, 60.0], [-65.0, 55.0]]]}, "properties": {"n": 3, "tagged_fraction": 1.0, "denom_fraction": 0.667, "g_denom": 0.667, "g_religion": 0.333, "g_amenity_only": 0.0}}, {"type": "Feature", "geometry": {"type": "Polygon", "coordinates": [[[165.0, 60.0], [170.0, 60.0], [170.0, 65.0], [165.0, 65.0], [165.0, 60.0]]]}, "properties": {"n": 2, "tagged_fraction": 1.0, "denom_fraction": 1.0, "g_denom": 1.0, "g_religion": 0.0, "g_amenity_only": 0.0}}, {"type": "Feature", "geometry": {"type": "Polygon", "coordinates": [[[145.0, 45.0], [150.0, 45.0], [150.0, 50.0], [145.0, 50.0], [145.0, 45.0]]]}, "properties": {"n": 3, "tagged_fraction": 1.0, "denom_fraction": 1.0, "g_denom": 1.0, "g_religion": 0.0, "g_amenity_only": 0.0}}, {"type": "Feature", "geometry": {"type": "Polygon", "coordinates": [[[-80.0, 50.0], [-75.0, 50.0], [-75.0, 55.0], [-80.0, 55.0], [-80.0, 50.0]]]}, "properties": {"n": 6, "tagged_fraction": 1.0, "denom_fraction": 1.0, "g_denom": 1.0, "g_religion": 0.0, "g_amenity_only": 0.0}}, {"type": "Feature", "geometry": {"type": "Polygon", "coordinates": [[[-35.0, -5.0], [-30.0, -5.0], [-30.0, 0.0], [-35.0, 0.0], [-35.0, -5.0]]]}, "properties": {"n": 7, "tagged_fraction": 1.0, "denom_fraction": 0.857, "g_denom": 0.857, "g_religion": 0.143, "g_amenity_only": 0.0}}, {"type": "Feature", "geometry": {"type": "Polygon", "coordinates": [[[175.0, -5.0], [180.0, -5.0], [180.0, 0.0], [175.0, 0.0], [175.0, -5.0]]]}, "properties": {"n": 3, "tagged_fraction": 1.0, "denom_fraction": 0.667, "g_denom": 0.667, "g_religion": 0.333, "g_amenity_only": 0.0}}, {"type": "Feature", "geometry": {"type": "Polygon", "coordinates": [[[165.0, -5.0], [170.0, -5.0], [170.0, 0.0], [165.0, 0.0], [165.0, -5.0]]]}, "properties": {"n": 4, "tagged_fraction": 1.0, "denom_fraction": 1.0, "g_denom": 1.0, "g_religion": 0.0, "g_amenity_only": 0.0}}, {"type": "Feature", "geometry": {"type": "Polygon", "coordinates": [[[-165.0, 55.0], [-160.0, 55.0], [-160.0, 60.0], [-165.0, 60.0], [-165.0, 55.0]]]}, "properties": {"n": 6, "tagged_fraction": 1.0, "denom_fraction": 0.667, "g_denom": 0.333, "g_religion": 0.667, "g_amenity_only": 0.0}}, {"type": "Feature", "geometry": {"type": "Polygon", "coordinates": [[[165.0, 65.0], [170.0, 65.0], [170.0, 70.0], [165.0, 70.0], [165.0, 65.0]]]}, "properties": {"n": 3, "tagged_fraction": 0.667, "denom_fraction": 0.667, "g_denom": 0.667, "g_religion": 0.0, "g_amenity_only": 0.333}}, {"type": "Feature", "geometry": {"type": "Polygon", "coordinates": [[[-170.0, 65.0], [-165.0, 65.0], [-165.0, 70.0], [-170.0, 70.0], [-170.0, 65.0]]]}, "properties": {"n": 5, "tagged_fraction": 1.0, "denom_fraction": 1.0, "g_denom": 0.8, "g_religion": 0.2, "g_amenity_only": 0.0}}, {"type": "Feature", "geometry": {"type": "Polygon", "coordinates": [[[-135.0, -25.0], [-130.0, -25.0], [-130.0, -20.0], [-135.0, -20.0], [-135.0, -25.0]]]}, "properties": {"n": 6, "tagged_fraction": 1.0, "denom_fraction": 0.667, "g_denom": 0.667, "g_religion": 0.333, "g_amenity_only": 0.0}}, {"type": "Feature", "geometry": {"type": "Polygon", "coordinates": [[[155.0, 60.0], [160.0, 60.0], [160.0, 65.0], [155.0, 65.0], [155.0, 60.0]]]}, "properties": {"n": 2, "tagged_fraction": 1.0, "denom_fraction": 1.0, "g_denom": 1.0, "g_religion": 0.0, "g_amenity_only": 0.0}}, {"type": "Feature", "geometry": {"type": "Polygon", "coordinates": [[[25.0, 20.0], [30.0, 20.0], [30.0, 25.0], [25.0, 25.0], [25.0, 20.0]]]}, "properties": {"n": 1, "tagged_fraction": 1.0, "denom_fraction": 0.0, "g_denom": 0.0, "g_religion": 1.0, "g_amenity_only": 0.0}}, {"type": "Feature", "geometry": {"type": "Polygon", "coordinates": [[[-180.0, -80.0], [-175.0, -80.0], [-175.0, -75.0], [-180.0, -75.0], [-180.0, -80.0]]]}, "properties": {"n": 1, "tagged_fraction": 1.0, "denom_fraction": 0.0, "g_denom": 0.0, "g_religion": 1.0, "g_amenity_only": 0.0}}, {"type": "Feature", "geometry": {"type": "Polygon", "coordinates": [[[-20.0, 60.0], [-15.0, 60.0], [-15.0, 65.0], [-20.0, 65.0], [-20.0, 60.0]]]}, "properties": {"n": 27, "tagged_fraction": 1.0, "denom_fraction": 0.519, "g_denom": 0.519, "g_religion": 0.481, "g_amenity_only": 0.0}}, {"type": "Feature", "geometry": {"type": "Polygon", "coordinates": [[[45.0, 65.0], [50.0, 65.0], [50.0, 70.0], [45.0, 70.0], [45.0, 65.0]]]}, "properties": {"n": 3, "tagged_fraction": 1.0, "denom_fraction": 1.0, "g_denom": 1.0, "g_religion": 0.0, "g_amenity_only": 0.0}}, {"type": "Feature", "geometry": {"type": "Polygon", "coordinates": [[[160.0, -15.0], [165.0, -15.0], [165.0, -10.0], [160.0, -10.0], [160.0, -15.0]]]}, "properties": {"n": 3, "tagged_fraction": 1.0, "denom_fraction": 1.0, "g_denom": 1.0, "g_religion": 0.0, "g_amenity_only": 0.0}}, {"type": "Feature", "geometry": {"type": "Polygon", "coordinates": [[[-125.0, 60.0], [-120.0, 60.0], [-120.0, 65.0], [-125.0, 65.0], [-125.0, 60.0]]]}, "properties": {"n": 2, "tagged_fraction": 0.5, "denom_fraction": 0.5, "g_denom": 0.5, "g_religion": 0.0, "g_amenity_only": 0.5}}, {"type": "Feature", "geometry": {"type": "Polygon", "coordinates": [[[175.0, -15.0], [180.0, -15.0], [180.0, -10.0], [175.0, -10.0], [175.0, -15.0]]]}, "properties": {"n": 4, "tagged_fraction": 0.5, "denom_fraction": 0.0, "g_denom": 0.0, "g_religion": 0.5, "g_amenity_only": 0.5}}, {"type": "Feature", "geometry": {"type": "Polygon", "coordinates": [[[120.0, -30.0], [125.0, -30.0], [125.0, -25.0], [120.0, -25.0], [120.0, -30.0]]]}, "properties": {"n": 2, "tagged_fraction": 0.5, "denom_fraction": 0.0, "g_denom": 0.0, "g_religion": 0.5, "g_amenity_only": 0.5}}, {"type": "Feature", "geometry": {"type": "Polygon", "coordinates": [[[80.0, 65.0], [85.0, 65.0], [85.0, 70.0], [80.0, 70.0], [80.0, 65.0]]]}, "properties": {"n": 1, "tagged_fraction": 1.0, "denom_fraction": 1.0, "g_denom": 1.0, "g_religion": 0.0, "g_amenity_only": 0.0}}, {"type": "Feature", "geometry": {"type": "Polygon", "coordinates": [[[135.0, 60.0], [140.0, 60.0], [140.0, 65.0], [135.0, 65.0], [135.0, 60.0]]]}, "properties": {"n": 1, "tagged_fraction": 1.0, "denom_fraction": 1.0, "g_denom": 1.0, "g_religion": 0.0, "g_amenity_only": 0.0}}, {"type": "Feature", "geometry": {"type": "Polygon", "coordinates": [[[150.0, 45.0], [155.0, 45.0], [155.0, 50.0], [150.0, 50.0], [150.0, 45.0]]]}, "properties": {"n": 1, "tagged_fraction": 1.0, "denom_fraction": 1.0, "g_denom": 1.0, "g_religion": 0.0, "g_amenity_only": 0.0}}, {"type": "Feature", "geometry": {"type": "Polygon", "coordinates": [[[150.0, 65.0], [155.0, 65.0], [155.0, 70.0], [150.0, 70.0], [150.0, 65.0]]]}, "properties": {"n": 2, "tagged_fraction": 1.0, "denom_fraction": 0.0, "g_denom": 0.0, "g_religion": 1.0, "g_amenity_only": 0.0}}, {"type": "Feature", "geometry": {"type": "Polygon", "coordinates": [[[-15.0, 65.0], [-10.0, 65.0], [-10.0, 70.0], [-15.0, 70.0], [-15.0, 65.0]]]}, "properties": {"n": 25, "tagged_fraction": 1.0, "denom_fraction": 0.4, "g_denom": 0.4, "g_religion": 0.6, "g_amenity_only": 0.0}}, {"type": "Feature", "geometry": {"type": "Polygon", "coordinates": [[[-70.0, 75.0], [-65.0, 75.0], [-65.0, 80.0], [-70.0, 80.0], [-70.0, 75.0]]]}, "properties": {"n": 2, "tagged_fraction": 1.0, "denom_fraction": 0.0, "g_denom": 0.0, "g_religion": 1.0, "g_amenity_only": 0.0}}, {"type": "Feature", "geometry": {"type": "Polygon", "coordinates": [[[-45.0, 60.0], [-40.0, 60.0], [-40.0, 65.0], [-45.0, 65.0], [-45.0, 60.0]]]}, "properties": {"n": 2, "tagged_fraction": 1.0, "denom_fraction": 0.0, "g_denom": 0.0, "g_religion": 1.0, "g_amenity_only": 0.0}}, {"type": "Feature", "geometry": {"type": "Polygon", "coordinates": [[[-175.0, -10.0], [-170.0, -10.0], [-170.0, -5.0], [-175.0, -5.0], [-175.0, -10.0]]]}, "properties": {"n": 2, "tagged_fraction": 1.0, "denom_fraction": 0.5, "g_denom": 0.5, "g_religion": 0.5, "g_amenity_only": 0.0}}, {"type": "Feature", "geometry": {"type": "Polygon", "coordinates": [[[-155.0, 65.0], [-150.0, 65.0], [-150.0, 70.0], [-155.0, 70.0], [-155.0, 65.0]]]}, "properties": {"n": 4, "tagged_fraction": 1.0, "denom_fraction": 0.25, "g_denom": 0.0, "g_religion": 1.0, "g_amenity_only": 0.0}}, {"type": "Feature", "geometry": {"type": "Polygon", "coordinates": [[[70.0, -50.0], [75.0, -50.0], [75.0, -45.0], [70.0, -45.0], [70.0, -50.0]]]}, "properties": {"n": 1, "tagged_fraction": 1.0, "denom_fraction": 1.0, "g_denom": 1.0, "g_religion": 0.0, "g_amenity_only": 0.0}}, {"type": "Feature", "geometry": {"type": "Polygon", "coordinates": [[[-25.0, 70.0], [-20.0, 70.0], [-20.0, 75.0], [-25.0, 75.0], [-25.0, 70.0]]]}, "properties": {"n": 1, "tagged_fraction": 1.0, "denom_fraction": 1.0, "g_denom": 1.0, "g_religion": 0.0, "g_amenity_only": 0.0}}, {"type": "Feature", "geometry": {"type": "Polygon", "coordinates": [[[-55.0, 70.0], [-50.0, 70.0], [-50.0, 75.0], [-55.0, 75.0], [-55.0, 70.0]]]}, "properties": {"n": 3, "tagged_fraction": 1.0, "denom_fraction": 0.667, "g_denom": 0.667, "g_religion": 0.333, "g_amenity_only": 0.0}}, {"type": "Feature", "geometry": {"type": "Polygon", "coordinates": [[[120.0, -20.0], [125.0, -20.0], [125.0, -15.0], [120.0, -15.0], [120.0, -20.0]]]}, "properties": {"n": 8, "tagged_fraction": 1.0, "denom_fraction": 0.5, "g_denom": 0.5, "g_religion": 0.5, "g_amenity_only": 0.0}}, {"type": "Feature", "geometry": {"type": "Polygon", "coordinates": [[[140.0, -30.0], [145.0, -30.0], [145.0, -25.0], [140.0, -25.0], [140.0, -30.0]]]}, "properties": {"n": 4, "tagged_fraction": 1.0, "denom_fraction": 1.0, "g_denom": 1.0, "g_religion": 0.0, "g_amenity_only": 0.0}}, {"type": "Feature", "geometry": {"type": "Polygon", "coordinates": [[[-15.0, -40.0], [-10.0, -40.0], [-10.0, -35.0], [-15.0, -35.0], [-15.0, -40.0]]]}, "properties": {"n": 2, "tagged_fraction": 1.0, "denom_fraction": 1.0, "g_denom": 1.0, "g_religion": 0.0, "g_amenity_only": 0.0}}, {"type": "Feature", "geometry": {"type": "Polygon", "coordinates": [[[100.0, 60.0], [105.0, 60.0], [105.0, 65.0], [100.0, 65.0], [100.0, 60.0]]]}, "properties": {"n": 1, "tagged_fraction": 0.0, "denom_fraction": 0.0, "g_denom": 0.0, "g_religion": 0.0, "g_amenity_only": 1.0}}, {"type": "Feature", "geometry": {"type": "Polygon", "coordinates": [[[95.0, -15.0], [100.0, -15.0], [100.0, -10.0], [95.0, -10.0], [95.0, -15.0]]]}, "properties": {"n": 1, "tagged_fraction": 1.0, "denom_fraction": 0.0, "g_denom": 0.0, "g_religion": 1.0, "g_amenity_only": 0.0}}, {"type": "Feature", "geometry": {"type": "Polygon", "coordinates": [[[130.0, 65.0], [135.0, 65.0], [135.0, 70.0], [130.0, 70.0], [130.0, 65.0]]]}, "properties": {"n": 1, "tagged_fraction": 0.0, "denom_fraction": 0.0, "g_denom": 0.0, "g_religion": 0.0, "g_amenity_only": 1.0}}, {"type": "Feature", "geometry": {"type": "Polygon", "coordinates": [[[-15.0, 60.0], [-10.0, 60.0], [-10.0, 65.0], [-15.0, 65.0], [-15.0, 60.0]]]}, "properties": {"n": 11, "tagged_fraction": 1.0, "denom_fraction": 0.182, "g_denom": 0.182, "g_religion": 0.818, "g_amenity_only": 0.0}}, {"type": "Feature", "geometry": {"type": "Polygon", "coordinates": [[[160.0, 65.0], [165.0, 65.0], [165.0, 70.0], [160.0, 70.0], [160.0, 65.0]]]}, "properties": {"n": 3, "tagged_fraction": 1.0, "denom_fraction": 1.0, "g_denom": 1.0, "g_religion": 0.0, "g_amenity_only": 0.0}}, {"type": "Feature", "geometry": {"type": "Polygon", "coordinates": [[[115.0, 65.0], [120.0, 65.0], [120.0, 70.0], [115.0, 70.0], [115.0, 65.0]]]}, "properties": {"n": 1, "tagged_fraction": 1.0, "denom_fraction": 1.0, "g_denom": 1.0, "g_religion": 0.0, "g_amenity_only": 0.0}}, {"type": "Feature", "geometry": {"type": "Polygon", "coordinates": [[[-70.0, -60.0], [-65.0, -60.0], [-65.0, -55.0], [-70.0, -55.0], [-70.0, -60.0]]]}, "properties": {"n": 2, "tagged_fraction": 1.0, "denom_fraction": 0.5, "g_denom": 0.5, "g_religion": 0.5, "g_amenity_only": 0.0}}, {"type": "Feature", "geometry": {"type": "Polygon", "coordinates": [[[-120.0, 25.0], [-115.0, 25.0], [-115.0, 30.0], [-120.0, 30.0], [-120.0, 25.0]]]}, "properties": {"n": 2, "tagged_fraction": 1.0, "denom_fraction": 1.0, "g_denom": 0.5, "g_religion": 0.5, "g_amenity_only": 0.0}}, {"type": "Feature", "geometry": {"type": "Polygon", "coordinates": [[[-180.0, 50.0], [-175.0, 50.0], [-175.0, 55.0], [-180.0, 55.0], [-180.0, 50.0]]]}, "properties": {"n": 2, "tagged_fraction": 1.0, "denom_fraction": 0.0, "g_denom": 0.0, "g_religion": 1.0, "g_amenity_only": 0.0}}, {"type": "Feature", "geometry": {"type": "Polygon", "coordinates": [[[-85.0, 50.0], [-80.0, 50.0], [-80.0, 55.0], [-85.0, 55.0], [-85.0, 50.0]]]}, "properties": {"n": 7, "tagged_fraction": 1.0, "denom_fraction": 0.714, "g_denom": 0.714, "g_religion": 0.286, "g_amenity_only": 0.0}}, {"type": "Feature", "geometry": {"type": "Polygon", "coordinates": [[[120.0, 60.0], [125.0, 60.0], [125.0, 65.0], [120.0, 65.0], [120.0, 60.0]]]}, "properties": {"n": 5, "tagged_fraction": 1.0, "denom_fraction": 0.6, "g_denom": 0.6, "g_religion": 0.4, "g_amenity_only": 0.0}}, {"type": "Feature", "geometry": {"type": "Polygon", "coordinates": [[[-135.0, 65.0], [-130.0, 65.0], [-130.0, 70.0], [-135.0, 70.0], [-135.0, 65.0]]]}, "properties": {"n": 7, "tagged_fraction": 1.0, "denom_fraction": 0.571, "g_denom": 0.571, "g_religion": 0.429, "g_amenity_only": 0.0}}, {"type": "Feature", "geometry": {"type": "Polygon", "coordinates": [[[-175.0, 50.0], [-170.0, 50.0], [-170.0, 55.0], [-175.0, 55.0], [-175.0, 50.0]]]}, "properties": {"n": 1, "tagged_fraction": 1.0, "denom_fraction": 1.0, "g_denom": 1.0, "g_religion": 0.0, "g_amenity_only": 0.0}}, {"type": "Feature", "geometry": {"type": "Polygon", "coordinates": [[[165.0, -45.0], [170.0, -45.0], [170.0, -40.0], [165.0, -40.0], [165.0, -45.0]]]}, "properties": {"n": 11, "tagged_fraction": 0.909, "denom_fraction": 0.455, "g_denom": 0.455, "g_religion": 0.455, "g_amenity_only": 0.091}}, {"type": "Feature", "geometry": {"type": "Polygon", "coordinates": [[[120.0, 65.0], [125.0, 65.0], [125.0, 70.0], [120.0, 70.0], [120.0, 65.0]]]}, "properties": {"n": 1, "tagged_fraction": 0.0, "denom_fraction": 0.0, "g_denom": 0.0, "g_religion": 0.0, "g_amenity_only": 1.0}}, {"type": "Feature", "geometry": {"type": "Polygon", "coordinates": [[[170.0, 65.0], [175.0, 65.0], [175.0, 70.0], [170.0, 70.0], [170.0, 65.0]]]}, "properties": {"n": 1, "tagged_fraction": 1.0, "denom_fraction": 0.0, "g_denom": 0.0, "g_religion": 1.0, "g_amenity_only": 0.0}}, {"type": "Feature", "geometry": {"type": "Polygon", "coordinates": [[[90.0, 65.0], [95.0, 65.0], [95.0, 70.0], [90.0, 70.0], [90.0, 65.0]]]}, "properties": {"n": 1, "tagged_fraction": 1.0, "denom_fraction": 0.0, "g_denom": 0.0, "g_religion": 1.0, "g_amenity_only": 0.0}}, {"type": "Feature", "geometry": {"type": "Polygon", "coordinates": [[[70.0, -10.0], [75.0, -10.0], [75.0, -5.0], [70.0, -5.0], [70.0, -10.0]]]}, "properties": {"n": 1, "tagged_fraction": 1.0, "denom_fraction": 0.0, "g_denom": 0.0, "g_religion": 0.0, "g_amenity_only": 1.0}}, {"type": "Feature", "geometry": {"type": "Polygon", "coordinates": [[[-65.0, -70.0], [-60.0, -70.0], [-60.0, -65.0], [-65.0, -65.0], [-65.0, -70.0]]]}, "properties": {"n": 1, "tagged_fraction": 1.0, "denom_fraction": 1.0, "g_denom": 1.0, "g_religion": 0.0, "g_amenity_only": 0.0}}, {"type": "Feature", "geometry": {"type": "Polygon", "coordinates": [[[-140.0, 65.0], [-135.0, 65.0], [-135.0, 70.0], [-140.0, 70.0], [-140.0, 65.0]]]}, "properties": {"n": 2, "tagged_fraction": 1.0, "denom_fraction": 1.0, "g_denom": 1.0, "g_religion": 0.0, "g_amenity_only": 0.0}}, {"type": "Feature", "geometry": {"type": "Polygon", "coordinates": [[[165.0, -80.0], [170.0, -80.0], [170.0, -75.0], [165.0, -75.0], [165.0, -80.0]]]}, "properties": {"n": 1, "tagged_fraction": 1.0, "denom_fraction": 1.0, "g_denom": 0.0, "g_religion": 1.0, "g_amenity_only": 0.0}}, {"type": "Feature", "geometry": {"type": "Polygon", "coordinates": [[[-175.0, 55.0], [-170.0, 55.0], [-170.0, 60.0], [-175.0, 60.0], [-175.0, 55.0]]]}, "properties": {"n": 1, "tagged_fraction": 1.0, "denom_fraction": 1.0, "g_denom": 1.0, "g_religion": 0.0, "g_amenity_only": 0.0}}, {"type": "Feature", "geometry": {"type": "Polygon", "coordinates": [[[-170.0, 55.0], [-165.0, 55.0], [-165.0, 60.0], [-170.0, 60.0], [-170.0, 55.0]]]}, "properties": {"n": 1, "tagged_fraction": 1.0, "denom_fraction": 1.0, "g_denom": 1.0, "g_religion": 0.0, "g_amenity_only": 0.0}}, {"type": "Feature", "geometry": {"type": "Polygon", "coordinates": [[[-155.0, 70.0], [-150.0, 70.0], [-150.0, 75.0], [-155.0, 75.0], [-155.0, 70.0]]]}, "properties": {"n": 2, "tagged_fraction": 1.0, "denom_fraction": 0.5, "g_denom": 0.5, "g_religion": 0.5, "g_amenity_only": 0.0}}, {"type": "Feature", "geometry": {"type": "Polygon", "coordinates": [[[135.0, 10.0], [140.0, 10.0], [140.0, 15.0], [135.0, 15.0], [135.0, 10.0]]]}, "properties": {"n": 2, "tagged_fraction": 0.5, "denom_fraction": 0.5, "g_denom": 0.5, "g_religion": 0.0, "g_amenity_only": 0.5}}, {"type": "Feature", "geometry": {"type": "Polygon", "coordinates": [[[115.0, -15.0], [120.0, -15.0], [120.0, -10.0], [115.0, -10.0], [115.0, -15.0]]]}, "properties": {"n": 1, "tagged_fraction": 1.0, "denom_fraction": 1.0, "g_denom": 1.0, "g_religion": 0.0, "g_amenity_only": 0.0}}, {"type": "Feature", "geometry": {"type": "Polygon", "coordinates": [[[-170.0, -15.0], [-165.0, -15.0], [-165.0, -10.0], [-170.0, -10.0], [-170.0, -15.0]]]}, "properties": {"n": 5, "tagged_fraction": 1.0, "denom_fraction": 0.0, "g_denom": 0.0, "g_religion": 1.0, "g_amenity_only": 0.0}}, {"type": "Feature", "geometry": {"type": "Polygon", "coordinates": [[[170.0, -35.0], [175.0, -35.0], [175.0, -30.0], [170.0, -30.0], [170.0, -35.0]]]}, "properties": {"n": 7, "tagged_fraction": 1.0, "denom_fraction": 1.0, "g_denom": 0.714, "g_religion": 0.286, "g_amenity_only": 0.0}}, {"type": "Feature", "geometry": {"type": "Polygon", "coordinates": [[[-130.0, 60.0], [-125.0, 60.0], [-125.0, 65.0], [-130.0, 65.0], [-130.0, 60.0]]]}, "properties": {"n": 7, "tagged_fraction": 1.0, "denom_fraction": 0.429, "g_denom": 0.429, "g_religion": 0.571, "g_amenity_only": 0.0}}, {"type": "Feature", "geometry": {"type": "Polygon", "coordinates": [[[160.0, 10.0], [165.0, 10.0], [165.0, 15.0], [160.0, 15.0], [160.0, 10.0]]]}, "properties": {"n": 1, "tagged_fraction": 1.0, "denom_fraction": 0.0, "g_denom": 0.0, "g_religion": 1.0, "g_amenity_only": 0.0}}, {"type": "Feature", "geometry": {"type": "Polygon", "coordinates": [[[-170.0, -20.0], [-165.0, -20.0], [-165.0, -15.0], [-170.0, -15.0], [-170.0, -20.0]]]}, "properties": {"n": 1, "tagged_fraction": 1.0, "denom_fraction": 1.0, "g_denom": 1.0, "g_religion": 0.0, "g_amenity_only": 0.0}}, {"type": "Feature", "geometry": {"type": "Polygon", "coordinates": [[[50.0, -50.0], [55.0, -50.0], [55.0, -45.0], [50.0, -45.0], [50.0, -50.0]]]}, "properties": {"n": 1, "tagged_fraction": 1.0, "denom_fraction": 1.0, "g_denom": 1.0, "g_religion": 0.0, "g_amenity_only": 0.0}}, {"type": "Feature", "geometry": {"type": "Polygon", "coordinates": [[[85.0, 60.0], [90.0, 60.0], [90.0, 65.0], [85.0, 65.0], [85.0, 60.0]]]}, "properties": {"n": 1, "tagged_fraction": 1.0, "denom_fraction": 0.0, "g_denom": 0.0, "g_religion": 1.0, "g_amenity_only": 0.0}}, {"type": "Feature", "geometry": {"type": "Polygon", "coordinates": [[[110.0, 65.0], [115.0, 65.0], [115.0, 70.0], [110.0, 70.0], [110.0, 65.0]]]}, "properties": {"n": 3, "tagged_fraction": 1.0, "denom_fraction": 0.333, "g_denom": 0.333, "g_religion": 0.667, "g_amenity_only": 0.0}}, {"type": "Feature", "geometry": {"type": "Polygon", "coordinates": [[[-10.0, 70.0], [-5.0, 70.0], [-5.0, 75.0], [-10.0, 75.0], [-10.0, 70.0]]]}, "properties": {"n": 1, "tagged_fraction": 0.0, "denom_fraction": 0.0, "g_denom": 0.0, "g_religion": 0.0, "g_amenity_only": 1.0}}, {"type": "Feature", "geometry": {"type": "Polygon", "coordinates": [[[-85.0, 60.0], [-80.0, 60.0], [-80.0, 65.0], [-85.0, 65.0], [-85.0, 60.0]]]}, "properties": {"n": 3, "tagged_fraction": 1.0, "denom_fraction": 0.667, "g_denom": 0.667, "g_religion": 0.333, "g_amenity_only": 0.0}}, {"type": "Feature", "geometry": {"type": "Polygon", "coordinates": [[[-15.0, -10.0], [-10.0, -10.0], [-10.0, -5.0], [-15.0, -5.0], [-15.0, -10.0]]]}, "properties": {"n": 2, "tagged_fraction": 1.0, "denom_fraction": 1.0, "g_denom": 1.0, "g_religion": 0.0, "g_amenity_only": 0.0}}, {"type": "Feature", "geometry": {"type": "Polygon", "coordinates": [[[-90.0, 55.0], [-85.0, 55.0], [-85.0, 60.0], [-90.0, 60.0], [-90.0, 55.0]]]}, "properties": {"n": 1, "tagged_fraction": 1.0, "denom_fraction": 1.0, "g_denom": 1.0, "g_religion": 0.0, "g_amenity_only": 0.0}}, {"type": "Feature", "geometry": {"type": "Polygon", "coordinates": [[[-180.0, -45.0], [-175.0, -45.0], [-175.0, -40.0], [-180.0, -40.0], [-180.0, -45.0]]]}, "properties": {"n": 2, "tagged_fraction": 1.0, "denom_fraction": 1.0, "g_denom": 1.0, "g_religion": 0.0, "g_amenity_only": 0.0}}, {"type": "Feature", "geometry": {"type": "Polygon", "coordinates": [[[-75.0, 60.0], [-70.0, 60.0], [-70.0, 65.0], [-75.0, 65.0], [-75.0, 60.0]]]}, "properties": {"n": 6, "tagged_fraction": 1.0, "denom_fraction": 0.167, "g_denom": 0.167, "g_religion": 0.833, "g_amenity_only": 0.0}}, {"type": "Feature", "geometry": {"type": "Polygon", "coordinates": [[[15.0, 70.0], [20.0, 70.0], [20.0, 75.0], [15.0, 75.0], [15.0, 70.0]]]}, "properties": {"n": 4, "tagged_fraction": 1.0, "denom_fraction": 1.0, "g_denom": 1.0, "g_religion": 0.0, "g_amenity_only": 0.0}}, {"type": "Feature", "geometry": {"type": "Polygon", "coordinates": [[[70.0, 70.0], [75.0, 70.0], [75.0, 75.0], [70.0, 75.0], [70.0, 70.0]]]}, "properties": {"n": 3, "tagged_fraction": 1.0, "denom_fraction": 0.333, "g_denom": 0.333, "g_religion": 0.667, "g_amenity_only": 0.0}}, {"type": "Feature", "geometry": {"type": "Polygon", "coordinates": [[[75.0, -40.0], [80.0, -40.0], [80.0, -35.0], [75.0, -35.0], [75.0, -40.0]]]}, "properties": {"n": 1, "tagged_fraction": 1.0, "denom_fraction": 1.0, "g_denom": 1.0, "g_religion": 0.0, "g_amenity_only": 0.0}}, {"type": "Feature", "geometry": {"type": "Polygon", "coordinates": [[[-80.0, 55.0], [-75.0, 55.0], [-75.0, 60.0], [-80.0, 60.0], [-80.0, 55.0]]]}, "properties": {"n": 5, "tagged_fraction": 1.0, "denom_fraction": 0.6, "g_denom": 0.6, "g_religion": 0.4, "g_amenity_only": 0.0}}, {"type": "Feature", "geometry": {"type": "Polygon", "coordinates": [[[-80.0, 70.0], [-75.0, 70.0], [-75.0, 75.0], [-80.0, 75.0], [-80.0, 70.0]]]}, "properties": {"n": 2, "tagged_fraction": 1.0, "denom_fraction": 1.0, "g_denom": 1.0, "g_religion": 0.0, "g_amenity_only": 0.0}}, {"type": "Feature", "geometry": {"type": "Polygon", "coordinates": [[[-75.0, 50.0], [-70.0, 50.0], [-70.0, 55.0], [-75.0, 55.0], [-75.0, 50.0]]]}, "properties": {"n": 1, "tagged_fraction": 1.0, "denom_fraction": 0.0, "g_denom": 0.0, "g_religion": 1.0, "g_amenity_only": 0.0}}, {"type": "Feature", "geometry": {"type": "Polygon", "coordinates": [[[-60.0, 55.0], [-55.0, 55.0], [-55.0, 60.0], [-60.0, 60.0], [-60.0, 55.0]]]}, "properties": {"n": 1, "tagged_fraction": 1.0, "denom_fraction": 0.0, "g_denom": 0.0, "g_religion": 1.0, "g_amenity_only": 0.0}}, {"type": "Feature", "geometry": {"type": "Polygon", "coordinates": [[[-165.0, 70.0], [-160.0, 70.0], [-160.0, 75.0], [-165.0, 75.0], [-165.0, 70.0]]]}, "properties": {"n": 1, "tagged_fraction": 1.0, "denom_fraction": 1.0, "g_denom": 1.0, "g_religion": 0.0, "g_amenity_only": 0.0}}, {"type": "Feature", "geometry": {"type": "Polygon", "coordinates": [[[-70.0, 55.0], [-65.0, 55.0], [-65.0, 60.0], [-70.0, 60.0], [-70.0, 55.0]]]}, "properties": {"n": 8, "tagged_fraction": 1.0, "denom_fraction": 0.375, "g_denom": 0.375, "g_religion": 0.625, "g_amenity_only": 0.0}}, {"type": "Feature", "geometry": {"type": "Polygon", "coordinates": [[[-90.0, 65.0], [-85.0, 65.0], [-85.0, 70.0], [-90.0, 70.0], [-90.0, 65.0]]]}, "properties": {"n": 4, "tagged_fraction": 1.0, "denom_fraction": 0.75, "g_denom": 0.75, "g_religion": 0.25, "g_amenity_only": 0.0}}, {"type": "Feature", "geometry": {"type": "Polygon", "coordinates": [[[-85.0, 65.0], [-80.0, 65.0], [-80.0, 70.0], [-85.0, 70.0], [-85.0, 65.0]]]}, "properties": {"n": 3, "tagged_fraction": 1.0, "denom_fraction": 0.667, "g_denom": 0.667, "g_religion": 0.333, "g_amenity_only": 0.0}}, {"type": "Feature", "geometry": {"type": "Polygon", "coordinates": [[[-85.0, 75.0], [-80.0, 75.0], [-80.0, 80.0], [-85.0, 80.0], [-85.0, 75.0]]]}, "properties": {"n": 1, "tagged_fraction": 1.0, "denom_fraction": 1.0, "g_denom": 1.0, "g_religion": 0.0, "g_amenity_only": 0.0}}, {"type": "Feature", "geometry": {"type": "Polygon", "coordinates": [[[-95.0, 70.0], [-90.0, 70.0], [-90.0, 75.0], [-95.0, 75.0], [-95.0, 70.0]]]}, "properties": {"n": 1, "tagged_fraction": 1.0, "denom_fraction": 1.0, "g_denom": 1.0, "g_religion": 0.0, "g_amenity_only": 0.0}}, {"type": "Feature", "geometry": {"type": "Polygon", "coordinates": [[[-90.0, 70.0], [-85.0, 70.0], [-85.0, 75.0], [-90.0, 75.0], [-90.0, 70.0]]]}, "properties": {"n": 2, "tagged_fraction": 1.0, "denom_fraction": 0.5, "g_denom": 0.5, "g_religion": 0.5, "g_amenity_only": 0.0}}, {"type": "Feature", "geometry": {"type": "Polygon", "coordinates": [[[-100.0, 65.0], [-95.0, 65.0], [-95.0, 70.0], [-100.0, 70.0], [-100.0, 65.0]]]}, "properties": {"n": 2, "tagged_fraction": 1.0, "denom_fraction": 0.5, "g_denom": 0.5, "g_religion": 0.5, "g_amenity_only": 0.0}}, {"type": "Feature", "geometry": {"type": "Polygon", "coordinates": [[[-65.0, 65.0], [-60.0, 65.0], [-60.0, 70.0], [-65.0, 70.0], [-65.0, 65.0]]]}, "properties": {"n": 1, "tagged_fraction": 1.0, "denom_fraction": 1.0, "g_denom": 1.0, "g_religion": 0.0, "g_amenity_only": 0.0}}, {"type": "Feature", "geometry": {"type": "Polygon", "coordinates": [[[-120.0, 70.0], [-115.0, 70.0], [-115.0, 75.0], [-120.0, 75.0], [-120.0, 70.0]]]}, "properties": {"n": 1, "tagged_fraction": 1.0, "denom_fraction": 1.0, "g_denom": 1.0, "g_religion": 0.0, "g_amenity_only": 0.0}}, {"type": "Feature", "geometry": {"type": "Polygon", "coordinates": [[[-120.0, 65.0], [-115.0, 65.0], [-115.0, 70.0], [-120.0, 70.0], [-120.0, 65.0]]]}, "properties": {"n": 2, "tagged_fraction": 1.0, "denom_fraction": 1.0, "g_denom": 1.0, "g_religion": 0.0, "g_amenity_only": 0.0}}, {"type": "Feature", "geometry": {"type": "Polygon", "coordinates": [[[-95.0, 65.0], [-90.0, 65.0], [-90.0, 70.0], [-95.0, 70.0], [-95.0, 65.0]]]}, "properties": {"n": 1, "tagged_fraction": 1.0, "denom_fraction": 1.0, "g_denom": 1.0, "g_religion": 0.0, "g_amenity_only": 0.0}}, {"type": "Feature", "geometry": {"type": "Polygon", "coordinates": [[[-175.0, 65.0], [-170.0, 65.0], [-170.0, 70.0], [-175.0, 70.0], [-175.0, 65.0]]]}, "properties": {"n": 1, "tagged_fraction": 1.0, "denom_fraction": 1.0, "g_denom": 1.0, "g_religion": 0.0, "g_amenity_only": 0.0}}, {"type": "Feature", "geometry": {"type": "Polygon", "coordinates": [[[15.0, 75.0], [20.0, 75.0], [20.0, 80.0], [15.0, 80.0], [15.0, 75.0]]]}, "properties": {"n": 1, "tagged_fraction": 1.0, "denom_fraction": 1.0, "g_denom": 1.0, "g_religion": 0.0, "g_amenity_only": 0.0}}, {"type": "Feature", "geometry": {"type": "Polygon", "coordinates": [[[-40.0, -55.0], [-35.0, -55.0], [-35.0, -50.0], [-40.0, -50.0], [-40.0, -55.0]]]}, "properties": {"n": 1, "tagged_fraction": 1.0, "denom_fraction": 1.0, "g_denom": 1.0, "g_religion": 0.0, "g_amenity_only": 0.0}}, {"type": "Feature", "geometry": {"type": "Polygon", "coordinates": [[[-140.0, -25.0], [-135.0, -25.0], [-135.0, -20.0], [-140.0, -20.0], [-140.0, -25.0]]]}, "properties": {"n": 3, "tagged_fraction": 0.667, "denom_fraction": 0.667, "g_denom": 0.667, "g_religion": 0.0, "g_amenity_only": 0.333}}, {"type": "Feature", "geometry": {"type": "Polygon", "coordinates": [[[-145.0, -15.0], [-140.0, -15.0], [-140.0, -10.0], [-145.0, -10.0], [-145.0, -15.0]]]}, "properties": {"n": 2, "tagged_fraction": 1.0, "denom_fraction": 1.0, "g_denom": 1.0, "g_religion": 0.0, "g_amenity_only": 0.0}}, {"type": "Feature", "geometry": {"type": "Polygon", "coordinates": [[[145.0, 60.0], [150.0, 60.0], [150.0, 65.0], [145.0, 65.0], [145.0, 60.0]]]}, "properties": {"n": 3, "tagged_fraction": 1.0, "denom_fraction": 1.0, "g_denom": 1.0, "g_religion": 0.0, "g_amenity_only": 0.0}}, {"type": "Feature", "geometry": {"type": "Polygon", "coordinates": [[[100.0, 70.0], [105.0, 70.0], [105.0, 75.0], [100.0, 75.0], [100.0, 70.0]]]}, "properties": {"n": 1, "tagged_fraction": 1.0, "denom_fraction": 1.0, "g_denom": 1.0, "g_religion": 0.0, "g_amenity_only": 0.0}}, {"type": "Feature", "geometry": {"type": "Polygon", "coordinates": [[[0.0, 55.0], [5.0, 55.0], [5.0, 60.0], [0.0, 60.0], [0.0, 55.0]]]}, "properties": {"n": 2, "tagged_fraction": 1.0, "denom_fraction": 0.5, "g_denom": 0.5, "g_religion": 0.5, "g_amenity_only": 0.0}}, {"type": "Feature", "geometry": {"type": "Polygon", "coordinates": [[[160.0, -20.0], [165.0, -20.0], [165.0, -15.0], [160.0, -15.0], [160.0, -20.0]]]}, "properties": {"n": 1, "tagged_fraction": 1.0, "denom_fraction": 1.0, "g_denom": 1.0, "g_religion": 0.0, "g_amenity_only": 0.0}}, {"type": "Feature", "geometry": {"type": "Polygon", "coordinates": [[[110.0, 10.0], [115.0, 10.0], [115.0, 15.0], [110.0, 15.0], [110.0, 10.0]]]}, "properties": {"n": 3, "tagged_fraction": 1.0, "denom_fraction": 0.333, "g_denom": 0.333, "g_religion": 0.667, "g_amenity_only": 0.0}}, {"type": "Feature", "geometry": {"type": "Polygon", "coordinates": [[[140.0, 55.0], [145.0, 55.0], [145.0, 60.0], [140.0, 60.0], [140.0, 55.0]]]}, "properties": {"n": 2, "tagged_fraction": 1.0, "denom_fraction": 0.0, "g_denom": 0.0, "g_religion": 1.0, "g_amenity_only": 0.0}}, {"type": "Feature", "geometry": {"type": "Polygon", "coordinates": [[[10.0, 15.0], [15.0, 15.0], [15.0, 20.0], [10.0, 20.0], [10.0, 15.0]]]}, "properties": {"n": 1, "tagged_fraction": 1.0, "denom_fraction": 0.0, "g_denom": 0.0, "g_religion": 1.0, "g_amenity_only": 0.0}}, {"type": "Feature", "geometry": {"type": "Polygon", "coordinates": [[[65.0, 70.0], [70.0, 70.0], [70.0, 75.0], [65.0, 75.0], [65.0, 70.0]]]}, "properties": {"n": 1, "tagged_fraction": 1.0, "denom_fraction": 1.0, "g_denom": 1.0, "g_religion": 0.0, "g_amenity_only": 0.0}}, {"type": "Feature", "geometry": {"type": "Polygon", "coordinates": [[[-180.0, 65.0], [-175.0, 65.0], [-175.0, 70.0], [-180.0, 70.0], [-180.0, 65.0]]]}, "properties": {"n": 1, "tagged_fraction": 1.0, "denom_fraction": 1.0, "g_denom": 1.0, "g_religion": 0.0, "g_amenity_only": 0.0}}, {"type": "Feature", "geometry": {"type": "Polygon", "coordinates": [[[50.0, 70.0], [55.0, 70.0], [55.0, 75.0], [50.0, 75.0], [50.0, 70.0]]]}, "properties": {"n": 1, "tagged_fraction": 1.0, "denom_fraction": 0.0, "g_denom": 0.0, "g_religion": 1.0, "g_amenity_only": 0.0}}, {"type": "Feature", "geometry": {"type": "Polygon", "coordinates": [[[-140.0, -20.0], [-135.0, -20.0], [-135.0, -15.0], [-140.0, -15.0], [-140.0, -20.0]]]}, "properties": {"n": 4, "tagged_fraction": 0.5, "denom_fraction": 0.0, "g_denom": 0.0, "g_religion": 0.5, "g_amenity_only": 0.5}}, {"type": "Feature", "geometry": {"type": "Polygon", "coordinates": [[[-80.0, -20.0], [-75.0, -20.0], [-75.0, -15.0], [-80.0, -15.0], [-80.0, -20.0]]]}, "properties": {"n": 2, "tagged_fraction": 1.0, "denom_fraction": 0.5, "g_denom": 0.5, "g_religion": 0.5, "g_amenity_only": 0.0}}, {"type": "Feature", "geometry": {"type": "Polygon", "coordinates": [[[145.0, 70.0], [150.0, 70.0], [150.0, 75.0], [145.0, 75.0], [145.0, 70.0]]]}, "properties": {"n": 1, "tagged_fraction": 1.0, "denom_fraction": 0.0, "g_denom": 0.0, "g_religion": 1.0, "g_amenity_only": 0.0}}, {"type": "Feature", "geometry": {"type": "Polygon", "coordinates": [[[80.0, 70.0], [85.0, 70.0], [85.0, 75.0], [80.0, 75.0], [80.0, 70.0]]]}, "properties": {"n": 1, "tagged_fraction": 1.0, "denom_fraction": 1.0, "g_denom": 1.0, "g_religion": 0.0, "g_amenity_only": 0.0}}, {"type": "Feature", "geometry": {"type": "Polygon", "coordinates": [[[140.0, -15.0], [145.0, -15.0], [145.0, -10.0], [140.0, -10.0], [140.0, -15.0]]]}, "properties": {"n": 2, "tagged_fraction": 1.0, "denom_fraction": 1.0, "g_denom": 0.5, "g_religion": 0.5, "g_amenity_only": 0.0}}, {"type": "Feature", "geometry": {"type": "Polygon", "coordinates": [[[135.0, 70.0], [140.0, 70.0], [140.0, 75.0], [135.0, 75.0], [135.0, 70.0]]]}, "properties": {"n": 1, "tagged_fraction": 1.0, "denom_fraction": 1.0, "g_denom": 1.0, "g_religion": 0.0, "g_amenity_only": 0.0}}, {"type": "Feature", "geometry": {"type": "Polygon", "coordinates": [[[-160.0, -10.0], [-155.0, -10.0], [-155.0, -5.0], [-160.0, -5.0], [-160.0, -10.0]]]}, "properties": {"n": 1, "tagged_fraction": 1.0, "denom_fraction": 0.0, "g_denom": 0.0, "g_religion": 1.0, "g_amenity_only": 0.0}}, {"type": "Feature", "geometry": {"type": "Polygon", "coordinates": [[[165.0, 55.0], [170.0, 55.0], [170.0, 60.0], [165.0, 60.0], [165.0, 55.0]]]}, "properties": {"n": 2, "tagged_fraction": 1.0, "denom_fraction": 1.0, "g_denom": 1.0, "g_religion": 0.0, "g_amenity_only": 0.0}}, {"type": "Feature", "geometry": {"type": "Polygon", "coordinates": [[[45.0, 80.0], [50.0, 80.0], [50.0, 85.0], [45.0, 85.0], [45.0, 80.0]]]}, "properties": {"n": 1, "tagged_fraction": 1.0, "denom_fraction": 0.0, "g_denom": 0.0, "g_religion": 1.0, "g_amenity_only": 0.0}}, {"type": "Feature", "geometry": {"type": "Polygon", "coordinates": [[[135.0, -15.0], [140.0, -15.0], [140.0, -10.0], [135.0, -10.0], [135.0, -15.0]]]}, "properties": {"n": 1, "tagged_fraction": 0.0, "denom_fraction": 0.0, "g_denom": 0.0, "g_religion": 0.0, "g_amenity_only": 1.0}}]}